[
{
  "model": "contenttypes.contenttype",
  "pk": 1,
  "fields": {
    "app_label": "admin",
    "model": "logentry"
  }
},
{
  "model": "contenttypes.contenttype",
  "pk": 2,
  "fields": {
    "app_label": "auth",
    "model": "permission"
  }
},
{
  "model": "contenttypes.contenttype",
  "pk": 3,
  "fields": {
    "app_label": "auth",
    "model": "group"
  }
},
{
  "model": "contenttypes.contenttype",
  "pk": 4,
  "fields": {
    "app_label": "auth",
    "model": "user"
  }
},
{
  "model": "contenttypes.contenttype",
  "pk": 5,
  "fields": {
    "app_label": "contenttypes",
    "model": "contenttype"
  }
},
{
  "model": "contenttypes.contenttype",
  "pk": 6,
  "fields": {
    "app_label": "flatpages",
    "model": "flatpage"
  }
},
{
  "model": "contenttypes.contenttype",
  "pk": 7,
  "fields": {
    "app_label": "sessions",
    "model": "session"
  }
},
{
  "model": "contenttypes.contenttype",
  "pk": 8,
  "fields": {
    "app_label": "sites",
    "model": "site"
  }
},
{
  "model": "contenttypes.contenttype",
  "pk": 9,
  "fields": {
    "app_label": "easy_thumbnails",
    "model": "source"
  }
},
{
  "model": "contenttypes.contenttype",
  "pk": 10,
  "fields": {
    "app_label": "easy_thumbnails",
    "model": "thumbnail"
  }
},
{
  "model": "contenttypes.contenttype",
  "pk": 11,
  "fields": {
    "app_label": "easy_thumbnails",
    "model": "thumbnaildimensions"
  }
},
{
  "model": "contenttypes.contenttype",
  "pk": 12,
  "fields": {
    "app_label": "taggit",
    "model": "tag"
  }
},
{
  "model": "contenttypes.contenttype",
  "pk": 13,
  "fields": {
    "app_label": "taggit",
    "model": "taggeditem"
  }
},
{
  "model": "contenttypes.contenttype",
  "pk": 14,
  "fields": {
    "app_label": "reversion",
    "model": "revision"
  }
},
{
  "model": "contenttypes.contenttype",
  "pk": 15,
  "fields": {
    "app_label": "reversion",
    "model": "version"
  }
},
{
  "model": "contenttypes.contenttype",
  "pk": 16,
  "fields": {
    "app_label": "sitetree",
    "model": "tree"
  }
},
{
  "model": "contenttypes.contenttype",
  "pk": 17,
  "fields": {
    "app_label": "sitetree",
    "model": "treeitem"
  }
},
{
  "model": "contenttypes.contenttype",
  "pk": 18,
  "fields": {
    "app_label": "eventlog",
    "model": "log"
  }
},
{
  "model": "contenttypes.contenttype",
  "pk": 19,
  "fields": {
    "app_label": "symposion_conference",
    "model": "conference"
  }
},
{
  "model": "contenttypes.contenttype",
  "pk": 20,
  "fields": {
    "app_label": "symposion_conference",
    "model": "section"
  }
},
{
  "model": "contenttypes.contenttype",
  "pk": 21,
  "fields": {
    "app_label": "symposion_proposals",
    "model": "additionalspeaker"
  }
},
{
  "model": "contenttypes.contenttype",
  "pk": 22,
  "fields": {
    "app_label": "symposion_proposals",
    "model": "proposalbase"
  }
},
{
  "model": "contenttypes.contenttype",
  "pk": 23,
  "fields": {
    "app_label": "symposion_proposals",
    "model": "proposalkind"
  }
},
{
  "model": "contenttypes.contenttype",
  "pk": 24,
  "fields": {
    "app_label": "symposion_proposals",
    "model": "proposalsection"
  }
},
{
  "model": "contenttypes.contenttype",
  "pk": 25,
  "fields": {
    "app_label": "symposion_proposals",
    "model": "supportingdocument"
  }
},
{
  "model": "contenttypes.contenttype",
  "pk": 26,
  "fields": {
    "app_label": "symposion_reviews",
    "model": "comment"
  }
},
{
  "model": "contenttypes.contenttype",
  "pk": 27,
  "fields": {
    "app_label": "symposion_reviews",
    "model": "latestvote"
  }
},
{
  "model": "contenttypes.contenttype",
  "pk": 28,
  "fields": {
    "app_label": "symposion_reviews",
    "model": "notificationtemplate"
  }
},
{
  "model": "contenttypes.contenttype",
  "pk": 29,
  "fields": {
    "app_label": "symposion_reviews",
    "model": "proposalmessage"
  }
},
{
  "model": "contenttypes.contenttype",
  "pk": 30,
  "fields": {
    "app_label": "symposion_reviews",
    "model": "proposalresult"
  }
},
{
  "model": "contenttypes.contenttype",
  "pk": 31,
  "fields": {
    "app_label": "symposion_reviews",
    "model": "resultnotification"
  }
},
{
  "model": "contenttypes.contenttype",
  "pk": 32,
  "fields": {
    "app_label": "symposion_reviews",
    "model": "review"
  }
},
{
  "model": "contenttypes.contenttype",
  "pk": 33,
  "fields": {
    "app_label": "symposion_reviews",
    "model": "reviewassignment"
  }
},
{
  "model": "contenttypes.contenttype",
  "pk": 34,
  "fields": {
    "app_label": "symposion_schedule",
    "model": "day"
  }
},
{
  "model": "contenttypes.contenttype",
  "pk": 35,
  "fields": {
    "app_label": "symposion_schedule",
    "model": "presentation"
  }
},
{
  "model": "contenttypes.contenttype",
  "pk": 36,
  "fields": {
    "app_label": "symposion_schedule",
    "model": "room"
  }
},
{
  "model": "contenttypes.contenttype",
  "pk": 37,
  "fields": {
    "app_label": "symposion_schedule",
    "model": "schedule"
  }
},
{
  "model": "contenttypes.contenttype",
  "pk": 38,
  "fields": {
    "app_label": "symposion_schedule",
    "model": "session"
  }
},
{
  "model": "contenttypes.contenttype",
  "pk": 39,
  "fields": {
    "app_label": "symposion_schedule",
    "model": "sessionrole"
  }
},
{
  "model": "contenttypes.contenttype",
  "pk": 40,
  "fields": {
    "app_label": "symposion_schedule",
    "model": "slot"
  }
},
{
  "model": "contenttypes.contenttype",
  "pk": 41,
  "fields": {
    "app_label": "symposion_schedule",
    "model": "slotkind"
  }
},
{
  "model": "contenttypes.contenttype",
  "pk": 42,
  "fields": {
    "app_label": "symposion_schedule",
    "model": "slotroom"
  }
},
{
  "model": "contenttypes.contenttype",
  "pk": 43,
  "fields": {
    "app_label": "symposion_schedule",
    "model": "track"
  }
},
{
  "model": "contenttypes.contenttype",
  "pk": 44,
  "fields": {
    "app_label": "symposion_speakers",
    "model": "speaker"
  }
},
{
  "model": "contenttypes.contenttype",
  "pk": 45,
  "fields": {
    "app_label": "teams",
    "model": "membership"
  }
},
{
  "model": "contenttypes.contenttype",
  "pk": 46,
  "fields": {
    "app_label": "teams",
    "model": "team"
  }
},
{
  "model": "contenttypes.contenttype",
  "pk": 47,
  "fields": {
    "app_label": "registrasion",
    "model": "attendee"
  }
},
{
  "model": "contenttypes.contenttype",
  "pk": 48,
  "fields": {
    "app_label": "registrasion",
    "model": "attendeeprofilebase"
  }
},
{
  "model": "contenttypes.contenttype",
  "pk": 49,
  "fields": {
    "app_label": "registrasion",
    "model": "cart"
  }
},
{
  "model": "contenttypes.contenttype",
  "pk": 50,
  "fields": {
    "app_label": "registrasion",
    "model": "category"
  }
},
{
  "model": "contenttypes.contenttype",
  "pk": 51,
  "fields": {
    "app_label": "registrasion",
    "model": "creditnoterefund"
  }
},
{
  "model": "contenttypes.contenttype",
  "pk": 52,
  "fields": {
    "app_label": "registrasion",
    "model": "discountbase"
  }
},
{
  "model": "contenttypes.contenttype",
  "pk": 53,
  "fields": {
    "app_label": "registrasion",
    "model": "discountforcategory"
  }
},
{
  "model": "contenttypes.contenttype",
  "pk": 54,
  "fields": {
    "app_label": "registrasion",
    "model": "discountforproduct"
  }
},
{
  "model": "contenttypes.contenttype",
  "pk": 55,
  "fields": {
    "app_label": "registrasion",
    "model": "discountitem"
  }
},
{
  "model": "contenttypes.contenttype",
  "pk": 56,
  "fields": {
    "app_label": "registrasion",
    "model": "flagbase"
  }
},
{
  "model": "contenttypes.contenttype",
  "pk": 57,
  "fields": {
    "app_label": "registrasion",
    "model": "invoice"
  }
},
{
  "model": "contenttypes.contenttype",
  "pk": 58,
  "fields": {
    "app_label": "registrasion",
    "model": "lineitem"
  }
},
{
  "model": "contenttypes.contenttype",
  "pk": 59,
  "fields": {
    "app_label": "registrasion",
    "model": "paymentbase"
  }
},
{
  "model": "contenttypes.contenttype",
  "pk": 60,
  "fields": {
    "app_label": "registrasion",
    "model": "product"
  }
},
{
  "model": "contenttypes.contenttype",
  "pk": 61,
  "fields": {
    "app_label": "registrasion",
    "model": "productitem"
  }
},
{
  "model": "contenttypes.contenttype",
  "pk": 62,
  "fields": {
    "app_label": "registrasion",
    "model": "voucher"
  }
},
{
  "model": "contenttypes.contenttype",
  "pk": 63,
  "fields": {
    "app_label": "registrasion",
    "model": "categoryflag"
  }
},
{
  "model": "contenttypes.contenttype",
  "pk": 64,
  "fields": {
    "app_label": "registrasion",
    "model": "creditnote"
  }
},
{
  "model": "contenttypes.contenttype",
  "pk": 65,
  "fields": {
    "app_label": "registrasion",
    "model": "creditnoteapplication"
  }
},
{
  "model": "contenttypes.contenttype",
  "pk": 66,
  "fields": {
    "app_label": "registrasion",
    "model": "includedproductdiscount"
  }
},
{
  "model": "contenttypes.contenttype",
  "pk": 67,
  "fields": {
    "app_label": "registrasion",
    "model": "manualcreditnoterefund"
  }
},
{
  "model": "contenttypes.contenttype",
  "pk": 68,
  "fields": {
    "app_label": "registrasion",
    "model": "manualpayment"
  }
},
{
  "model": "contenttypes.contenttype",
  "pk": 69,
  "fields": {
    "app_label": "registrasion",
    "model": "productflag"
  }
},
{
  "model": "contenttypes.contenttype",
  "pk": 70,
  "fields": {
    "app_label": "registrasion",
    "model": "timeorstocklimitdiscount"
  }
},
{
  "model": "contenttypes.contenttype",
  "pk": 71,
  "fields": {
    "app_label": "registrasion",
    "model": "timeorstocklimitflag"
  }
},
{
  "model": "contenttypes.contenttype",
  "pk": 72,
  "fields": {
    "app_label": "registrasion",
    "model": "voucherdiscount"
  }
},
{
  "model": "contenttypes.contenttype",
  "pk": 73,
  "fields": {
    "app_label": "registrasion",
    "model": "voucherflag"
  }
},
{
  "model": "contenttypes.contenttype",
  "pk": 74,
  "fields": {
    "app_label": "registrasion",
    "model": "speakerdiscount"
  }
},
{
  "model": "contenttypes.contenttype",
  "pk": 75,
  "fields": {
    "app_label": "registrasion",
    "model": "speakerflag"
  }
},
{
  "model": "contenttypes.contenttype",
  "pk": 76,
  "fields": {
    "app_label": "registrasion",
    "model": "groupmemberdiscount"
  }
},
{
  "model": "contenttypes.contenttype",
  "pk": 77,
  "fields": {
    "app_label": "registrasion",
    "model": "groupmemberflag"
  }
},
{
  "model": "contenttypes.contenttype",
  "pk": 78,
  "fields": {
    "app_label": "pinax_stripe",
    "model": "bitcoinreceiver"
  }
},
{
  "model": "contenttypes.contenttype",
  "pk": 79,
  "fields": {
    "app_label": "pinax_stripe",
    "model": "card"
  }
},
{
  "model": "contenttypes.contenttype",
  "pk": 80,
  "fields": {
    "app_label": "pinax_stripe",
    "model": "charge"
  }
},
{
  "model": "contenttypes.contenttype",
  "pk": 81,
  "fields": {
    "app_label": "pinax_stripe",
    "model": "customer"
  }
},
{
  "model": "contenttypes.contenttype",
  "pk": 82,
  "fields": {
    "app_label": "pinax_stripe",
    "model": "event"
  }
},
{
  "model": "contenttypes.contenttype",
  "pk": 83,
  "fields": {
    "app_label": "pinax_stripe",
    "model": "eventprocessingexception"
  }
},
{
  "model": "contenttypes.contenttype",
  "pk": 84,
  "fields": {
    "app_label": "pinax_stripe",
    "model": "invoice"
  }
},
{
  "model": "contenttypes.contenttype",
  "pk": 85,
  "fields": {
    "app_label": "pinax_stripe",
    "model": "invoiceitem"
  }
},
{
  "model": "contenttypes.contenttype",
  "pk": 86,
  "fields": {
    "app_label": "pinax_stripe",
    "model": "plan"
  }
},
{
  "model": "contenttypes.contenttype",
  "pk": 87,
  "fields": {
    "app_label": "pinax_stripe",
    "model": "subscription"
  }
},
{
  "model": "contenttypes.contenttype",
  "pk": 88,
  "fields": {
    "app_label": "pinax_stripe",
    "model": "transfer"
  }
},
{
  "model": "contenttypes.contenttype",
  "pk": 89,
  "fields": {
    "app_label": "pinax_stripe",
    "model": "transferchargefee"
  }
},
{
  "model": "contenttypes.contenttype",
  "pk": 90,
  "fields": {
    "app_label": "registripe",
    "model": "stripepayment"
  }
},
{
  "model": "contenttypes.contenttype",
  "pk": 91,
  "fields": {
    "app_label": "registripe",
    "model": "stripecreditnoterefund"
  }
},
{
  "model": "contenttypes.contenttype",
  "pk": 92,
  "fields": {
    "app_label": "regidesk",
    "model": "boardingpass"
  }
},
{
  "model": "contenttypes.contenttype",
  "pk": 93,
  "fields": {
    "app_label": "regidesk",
    "model": "boardingpasstemplate"
  }
},
{
  "model": "contenttypes.contenttype",
  "pk": 94,
  "fields": {
    "app_label": "regidesk",
    "model": "checkin"
  }
},
{
  "model": "contenttypes.contenttype",
  "pk": 95,
  "fields": {
    "app_label": "proposals",
    "model": "miniconfproposal"
  }
},
{
  "model": "contenttypes.contenttype",
  "pk": 96,
  "fields": {
    "app_label": "proposals",
    "model": "talkproposal"
  }
},
{
  "model": "contenttypes.contenttype",
  "pk": 97,
  "fields": {
    "app_label": "proposals",
    "model": "tutorialproposal"
  }
},
{
  "model": "contenttypes.contenttype",
  "pk": 98,
  "fields": {
    "app_label": "proposals",
    "model": "gamesproposal"
  }
},
{
  "model": "contenttypes.contenttype",
  "pk": 99,
  "fields": {
    "app_label": "proposals",
    "model": "kernelproposal"
  }
},
{
  "model": "contenttypes.contenttype",
  "pk": 100,
  "fields": {
    "app_label": "proposals",
    "model": "openhardwareproposal"
  }
},
{
  "model": "contenttypes.contenttype",
  "pk": 101,
  "fields": {
    "app_label": "proposals",
    "model": "sysadminproposal"
  }
},
{
  "model": "contenttypes.contenttype",
  "pk": 102,
  "fields": {
    "app_label": "proposals",
    "model": "arttechproposal"
  }
},
{
  "model": "contenttypes.contenttype",
  "pk": 103,
  "fields": {
    "app_label": "proposals",
    "model": "bioinformaticsproposal"
  }
},
{
  "model": "contenttypes.contenttype",
  "pk": 104,
  "fields": {
    "app_label": "proposals",
    "model": "clsxlcaproposal"
  }
},
{
  "model": "contenttypes.contenttype",
  "pk": 105,
  "fields": {
    "app_label": "proposals",
    "model": "devdevproposal"
  }
},
{
  "model": "contenttypes.contenttype",
  "pk": 106,
  "fields": {
    "app_label": "proposals",
    "model": "fpgaproposal"
  }
},
{
  "model": "contenttypes.contenttype",
  "pk": 107,
  "fields": {
    "app_label": "proposals",
    "model": "funcprogproposal"
  }
},
{
  "model": "contenttypes.contenttype",
  "pk": 108,
  "fields": {
    "app_label": "proposals",
    "model": "openedproposal"
  }
},
{
  "model": "contenttypes.contenttype",
  "pk": 109,
  "fields": {
    "app_label": "proposals",
    "model": "openglamproposal"
  }
},
{
  "model": "contenttypes.contenttype",
  "pk": 110,
  "fields": {
    "app_label": "pinaxcon_registrasion",
    "model": "attendeeprofile"
  }
},
{
  "model": "contenttypes.contenttype",
  "pk": 111,
  "fields": {
    "app_label": "pinaxcon_registrasion",
    "model": "pastevent"
  }
},
{
  "model": "contenttypes.contenttype",
  "pk": 112,
  "fields": {
    "app_label": "waffle",
    "model": "flag"
  }
},
{
  "model": "contenttypes.contenttype",
  "pk": 113,
  "fields": {
    "app_label": "waffle",
    "model": "sample"
  }
},
{
  "model": "contenttypes.contenttype",
  "pk": 114,
  "fields": {
    "app_label": "waffle",
    "model": "switch"
  }
},
{
  "model": "contenttypes.contenttype",
  "pk": 115,
  "fields": {
    "app_label": "reviews",
    "model": ""
  }
},
{
  "model": "sessions.session",
  "pk": "acjfp8jmf6zglle33clkarhq6ee32r0g",
  "fields": {
    "session_data": "ODM2NTdhMjk1N2EzYjJkODdmNWZjYjI3NWFmZTY4ZTA5NjU4NGJiOTp7Il9hdXRoX3VzZXJfaWQiOiIxIiwiX2F1dGhfdXNlcl9iYWNrZW5kIjoiZGphbmdvLmNvbnRyaWIuYXV0aC5iYWNrZW5kcy5Nb2RlbEJhY2tlbmQiLCJfYXV0aF91c2VyX2hhc2giOiI0ODI3YTdkNzEwZGQ0MTY5NGY2ZTkwNGNhYTY0Y2RkZGQ4ZWRjZWFmIn0=",
    "expire_date": "2018-07-13T22:39:28.130Z"
  }
},
{
  "model": "sites.site",
  "pk": 1,
  "fields": {
    "domain": "lca2019.linux.org.au",
    "name": "linux.conf.au 2019"
  }
},
{
  "model": "sitetree.tree",
  "pk": 1,
  "fields": {
    "title": "main",
    "alias": "main"
  }
},
{
  "model": "symposion_conference.conference",
  "pk": 1,
  "fields": {
    "title": "linux.conf.au 2019",
    "start_date": "2019-01-21",
    "end_date": "2019-01-25",
    "timezone": "Pacific/Auckland"
  }
},
{
  "model": "symposion_conference.section",
  "pk": 1,
  "fields": {
    "conference": 1,
    "name": "Main Conference",
    "slug": "main",
    "start_date": "2019-01-23",
    "end_date": "2019-01-25"
  }
},
{
  "model": "symposion_conference.section",
  "pk": 2,
  "fields": {
    "conference": 1,
    "name": "MiniConf",
    "slug": "miniconf",
    "start_date": "2019-01-21",
    "end_date": "2019-01-22"
  }
},
{
  "model": "symposion_proposals.proposalsection",
  "pk": 1,
  "fields": {
    "section": 1,
    "start": "2018-05-30T00:00:00Z",
    "end": "2018-07-30T12:00:00Z",
    "closed": false,
    "published": false
  }
},
{
  "model": "symposion_proposals.proposalsection",
  "pk": 2,
  "fields": {
    "section": 2,
    "start": "2018-05-30T00:00:00Z",
    "end": "2018-07-30T12:00:00Z",
    "closed": false,
    "published": false
  }
},
{
  "model": "symposion_proposals.proposalkind",
  "pk": 1,
  "fields": {
    "section": 1,
    "name": "Talk",
    "slug": "talk"
  }
},
{
  "model": "symposion_proposals.proposalkind",
  "pk": 2,
  "fields": {
    "section": 1,
    "name": "Tutorial",
    "slug": "tutorial"
  }
},
{
  "model": "symposion_proposals.proposalkind",
  "pk": 3,
  "fields": {
    "section": 2,
    "name": "Miniconf",
    "slug": "miniconf"
  }
},
{
  "model": "symposion_proposals.proposalbase",
  "pk": 1,
  "fields": {
    "kind": 1,
    "title": "asdfasdf",
    "abstract": "asdfasdf",
    "abstract_html": "asdfasdf",
    "private_abstract": "asdfasdf",
    "private_abstract_html": "asdfasdf",
    "technical_requirements": "",
    "technical_requirements_html": "",
    "project": "",
    "project_url": "",
    "video_url": "",
    "submitted": "2018-06-27T06:31:56.956Z",
    "speaker": 1,
    "cancelled": false
  }
},
{
  "model": "symposion_proposals.proposalbase",
  "pk": 2,
  "fields": {
    "kind": 1,
    "title": "Hello World First Talk",
    "abstract": "Praesent mollis tempor enim, eget rutrum lacus commodo vitae. Ut viverra ut risus id efficitur. Maecenas scelerisque turpis sagittis pulvinar consequat. In ultricies efficitur faucibus. Pellentesque mattis sagittis malesuada. Maecenas varius nibh eget purus aliquam, vitae mollis odio feugiat. Aliquam erat volutpat. Cras elit metus, placerat sit amet nulla in, auctor commodo sem. In hac habitasse platea dictumst. Pellentesque ultrices odio eget neque egestas vehicula. Donec ornare ultricies ullamcorper. Morbi turpis augue, volutpat ut mollis vel, finibus nec purus. Nulla eu ex eget elit ullamcorper porttitor ac sit amet neque. Mauris ut sollicitudin eros. Fusce auctor turpis ultricies magna elementum cursus. Nunc scelerisque, velit eget accumsan fringilla, purus diam dignissim libero, vel euismod velit enim ut mi.",
    "abstract_html": "Praesent mollis tempor enim, eget rutrum lacus commodo vitae. Ut viverra ut risus id efficitur. Maecenas scelerisque turpis sagittis pulvinar consequat. In ultricies efficitur faucibus. Pellentesque mattis sagittis malesuada. Maecenas varius nibh eget purus aliquam, vitae mollis odio feugiat. Aliquam erat volutpat. Cras elit metus, placerat sit amet nulla in, auctor commodo sem. In hac habitasse platea dictumst. Pellentesque ultrices odio eget neque egestas vehicula. Donec ornare ultricies ullamcorper. Morbi turpis augue, volutpat ut mollis vel, finibus nec purus. Nulla eu ex eget elit ullamcorper porttitor ac sit amet neque. Mauris ut sollicitudin eros. Fusce auctor turpis ultricies magna elementum cursus. Nunc scelerisque, velit eget accumsan fringilla, purus diam dignissim libero, vel euismod velit enim ut mi.",
    "private_abstract": "Praesent mollis tempor enim, eget rutrum lacus commodo vitae. Ut viverra ut risus id efficitur. Maecenas scelerisque turpis sagittis pulvinar consequat. In ultricies efficitur faucibus. Pellentesque mattis sagittis malesuada. Maecenas varius nibh eget purus aliquam, vitae mollis odio feugiat. Aliquam erat volutpat. Cras elit metus, placerat sit amet nulla in, auctor commodo sem. In hac habitasse platea dictumst. Pellentesque ultrices odio eget neque egestas vehicula. Donec ornare ultricies ullamcorper. Morbi turpis augue, volutpat ut mollis vel, finibus nec purus. Nulla eu ex eget elit ullamcorper porttitor ac sit amet neque. Mauris ut sollicitudin eros. Fusce auctor turpis ultricies magna elementum cursus. Nunc scelerisque, velit eget accumsan fringilla, purus diam dignissim libero, vel euismod velit enim ut mi.",
    "private_abstract_html": "Praesent mollis tempor enim, eget rutrum lacus commodo vitae. Ut viverra ut risus id efficitur. Maecenas scelerisque turpis sagittis pulvinar consequat. In ultricies efficitur faucibus. Pellentesque mattis sagittis malesuada. Maecenas varius nibh eget purus aliquam, vitae mollis odio feugiat. Aliquam erat volutpat. Cras elit metus, placerat sit amet nulla in, auctor commodo sem. In hac habitasse platea dictumst. Pellentesque ultrices odio eget neque egestas vehicula. Donec ornare ultricies ullamcorper. Morbi turpis augue, volutpat ut mollis vel, finibus nec purus. Nulla eu ex eget elit ullamcorper porttitor ac sit amet neque. Mauris ut sollicitudin eros. Fusce auctor turpis ultricies magna elementum cursus. Nunc scelerisque, velit eget accumsan fringilla, purus diam dignissim libero, vel euismod velit enim ut mi.",
    "technical_requirements": "",
    "technical_requirements_html": "",
    "project": "",
    "project_url": "",
    "video_url": "",
    "submitted": "2018-06-29T22:40:22.790Z",
    "speaker": 2,
    "cancelled": false
  }
},
{
  "model": "symposion_proposals.proposalbase",
  "pk": 3,
  "fields": {
    "kind": 1,
    "title": "Hello World Second Talk",
    "abstract": "Praesent mollis tempor enim, eget rutrum lacus commodo vitae. Ut viverra ut risus id efficitur. Maecenas scelerisque turpis sagittis pulvinar consequat. In ultricies efficitur faucibus. Pellentesque mattis sagittis malesuada. Maecenas varius nibh eget purus aliquam, vitae mollis odio feugiat. Aliquam erat volutpat. Cras elit metus, placerat sit amet nulla in, auctor commodo sem. In hac habitasse platea dictumst. Pellentesque ultrices odio eget neque egestas vehicula. Donec ornare ultricies ullamcorper. Morbi turpis augue, volutpat ut mollis vel, finibus nec purus. Nulla eu ex eget elit ullamcorper porttitor ac sit amet neque. Mauris ut sollicitudin eros. Fusce auctor turpis ultricies magna elementum cursus. Nunc scelerisque, velit eget accumsan fringilla, purus diam dignissim libero, vel euismod velit enim ut mi.",
    "abstract_html": "Praesent mollis tempor enim, eget rutrum lacus commodo vitae. Ut viverra ut risus id efficitur. Maecenas scelerisque turpis sagittis pulvinar consequat. In ultricies efficitur faucibus. Pellentesque mattis sagittis malesuada. Maecenas varius nibh eget purus aliquam, vitae mollis odio feugiat. Aliquam erat volutpat. Cras elit metus, placerat sit amet nulla in, auctor commodo sem. In hac habitasse platea dictumst. Pellentesque ultrices odio eget neque egestas vehicula. Donec ornare ultricies ullamcorper. Morbi turpis augue, volutpat ut mollis vel, finibus nec purus. Nulla eu ex eget elit ullamcorper porttitor ac sit amet neque. Mauris ut sollicitudin eros. Fusce auctor turpis ultricies magna elementum cursus. Nunc scelerisque, velit eget accumsan fringilla, purus diam dignissim libero, vel euismod velit enim ut mi.",
    "private_abstract": "Praesent mollis tempor enim, eget rutrum lacus commodo vitae. Ut viverra ut risus id efficitur. Maecenas scelerisque turpis sagittis pulvinar consequat. In ultricies efficitur faucibus. Pellentesque mattis sagittis malesuada. Maecenas varius nibh eget purus aliquam, vitae mollis odio feugiat. Aliquam erat volutpat. Cras elit metus, placerat sit amet nulla in, auctor commodo sem. In hac habitasse platea dictumst. Pellentesque ultrices odio eget neque egestas vehicula. Donec ornare ultricies ullamcorper. Morbi turpis augue, volutpat ut mollis vel, finibus nec purus. Nulla eu ex eget elit ullamcorper porttitor ac sit amet neque. Mauris ut sollicitudin eros. Fusce auctor turpis ultricies magna elementum cursus. Nunc scelerisque, velit eget accumsan fringilla, purus diam dignissim libero, vel euismod velit enim ut mi.",
    "private_abstract_html": "Praesent mollis tempor enim, eget rutrum lacus commodo vitae. Ut viverra ut risus id efficitur. Maecenas scelerisque turpis sagittis pulvinar consequat. In ultricies efficitur faucibus. Pellentesque mattis sagittis malesuada. Maecenas varius nibh eget purus aliquam, vitae mollis odio feugiat. Aliquam erat volutpat. Cras elit metus, placerat sit amet nulla in, auctor commodo sem. In hac habitasse platea dictumst. Pellentesque ultrices odio eget neque egestas vehicula. Donec ornare ultricies ullamcorper. Morbi turpis augue, volutpat ut mollis vel, finibus nec purus. Nulla eu ex eget elit ullamcorper porttitor ac sit amet neque. Mauris ut sollicitudin eros. Fusce auctor turpis ultricies magna elementum cursus. Nunc scelerisque, velit eget accumsan fringilla, purus diam dignissim libero, vel euismod velit enim ut mi.",
    "technical_requirements": "",
    "technical_requirements_html": "",
    "project": "",
    "project_url": "",
    "video_url": "",
    "submitted": "2018-06-29T22:40:40.078Z",
    "speaker": 2,
    "cancelled": false
  }
},
{
  "model": "symposion_proposals.proposalbase",
  "pk": 4,
  "fields": {
    "kind": 3,
    "title": "A miniconf",
    "abstract": "Praesent mollis tempor enim, eget rutrum lacus commodo vitae. Ut viverra ut risus id efficitur. Maecenas scelerisque turpis sagittis pulvinar consequat. In ultricies efficitur faucibus. Pellentesque mattis sagittis malesuada. Maecenas varius nibh eget purus aliquam, vitae mollis odio feugiat. Aliquam erat volutpat. Cras elit metus, placerat sit amet nulla in, auctor commodo sem. In hac habitasse platea dictumst. Pellentesque ultrices odio eget neque egestas vehicula. Donec ornare ultricies ullamcorper. Morbi turpis augue, volutpat ut mollis vel, finibus nec purus. Nulla eu ex eget elit ullamcorper porttitor ac sit amet neque. Mauris ut sollicitudin eros. Fusce auctor turpis ultricies magna elementum cursus. Nunc scelerisque, velit eget accumsan fringilla, purus diam dignissim libero, vel euismod velit enim ut mi.",
    "abstract_html": "Praesent mollis tempor enim, eget rutrum lacus commodo vitae. Ut viverra ut risus id efficitur. Maecenas scelerisque turpis sagittis pulvinar consequat. In ultricies efficitur faucibus. Pellentesque mattis sagittis malesuada. Maecenas varius nibh eget purus aliquam, vitae mollis odio feugiat. Aliquam erat volutpat. Cras elit metus, placerat sit amet nulla in, auctor commodo sem. In hac habitasse platea dictumst. Pellentesque ultrices odio eget neque egestas vehicula. Donec ornare ultricies ullamcorper. Morbi turpis augue, volutpat ut mollis vel, finibus nec purus. Nulla eu ex eget elit ullamcorper porttitor ac sit amet neque. Mauris ut sollicitudin eros. Fusce auctor turpis ultricies magna elementum cursus. Nunc scelerisque, velit eget accumsan fringilla, purus diam dignissim libero, vel euismod velit enim ut mi.",
    "private_abstract": "Praesent mollis tempor enim, eget rutrum lacus commodo vitae. Ut viverra ut risus id efficitur. Maecenas scelerisque turpis sagittis pulvinar consequat. In ultricies efficitur faucibus. Pellentesque mattis sagittis malesuada. Maecenas varius nibh eget purus aliquam, vitae mollis odio feugiat. Aliquam erat volutpat. Cras elit metus, placerat sit amet nulla in, auctor commodo sem. In hac habitasse platea dictumst. Pellentesque ultrices odio eget neque egestas vehicula. Donec ornare ultricies ullamcorper. Morbi turpis augue, volutpat ut mollis vel, finibus nec purus. Nulla eu ex eget elit ullamcorper porttitor ac sit amet neque. Mauris ut sollicitudin eros. Fusce auctor turpis ultricies magna elementum cursus. Nunc scelerisque, velit eget accumsan fringilla, purus diam dignissim libero, vel euismod velit enim ut mi.",
    "private_abstract_html": "Praesent mollis tempor enim, eget rutrum lacus commodo vitae. Ut viverra ut risus id efficitur. Maecenas scelerisque turpis sagittis pulvinar consequat. In ultricies efficitur faucibus. Pellentesque mattis sagittis malesuada. Maecenas varius nibh eget purus aliquam, vitae mollis odio feugiat. Aliquam erat volutpat. Cras elit metus, placerat sit amet nulla in, auctor commodo sem. In hac habitasse platea dictumst. Pellentesque ultrices odio eget neque egestas vehicula. Donec ornare ultricies ullamcorper. Morbi turpis augue, volutpat ut mollis vel, finibus nec purus. Nulla eu ex eget elit ullamcorper porttitor ac sit amet neque. Mauris ut sollicitudin eros. Fusce auctor turpis ultricies magna elementum cursus. Nunc scelerisque, velit eget accumsan fringilla, purus diam dignissim libero, vel euismod velit enim ut mi.",
    "technical_requirements": "",
    "technical_requirements_html": "",
    "project": "",
    "project_url": "",
    "video_url": "",
    "submitted": "2018-06-29T22:40:52.707Z",
    "speaker": 2,
    "cancelled": false
  }
},
{
  "model": "symposion_proposals.proposalbase",
  "pk": 5,
  "fields": {
    "kind": 2,
    "title": "Python for stupid developers",
    "abstract": "Praesent mollis tempor enim, eget rutrum lacus commodo vitae. Ut viverra ut risus id efficitur. Maecenas scelerisque turpis sagittis pulvinar consequat. In ultricies efficitur faucibus. Pellentesque mattis sagittis malesuada. Maecenas varius nibh eget purus aliquam, vitae mollis odio feugiat. Aliquam erat volutpat. Cras elit metus, placerat sit amet nulla in, auctor commodo sem. In hac habitasse platea dictumst. Pellentesque ultrices odio eget neque egestas vehicula. Donec ornare ultricies ullamcorper. Morbi turpis augue, volutpat ut mollis vel, finibus nec purus. Nulla eu ex eget elit ullamcorper porttitor ac sit amet neque. Mauris ut sollicitudin eros. Fusce auctor turpis ultricies magna elementum cursus. Nunc scelerisque, velit eget accumsan fringilla, purus diam dignissim libero, vel euismod velit enim ut mi.",
    "abstract_html": "Praesent mollis tempor enim, eget rutrum lacus commodo vitae. Ut viverra ut risus id efficitur. Maecenas scelerisque turpis sagittis pulvinar consequat. In ultricies efficitur faucibus. Pellentesque mattis sagittis malesuada. Maecenas varius nibh eget purus aliquam, vitae mollis odio feugiat. Aliquam erat volutpat. Cras elit metus, placerat sit amet nulla in, auctor commodo sem. In hac habitasse platea dictumst. Pellentesque ultrices odio eget neque egestas vehicula. Donec ornare ultricies ullamcorper. Morbi turpis augue, volutpat ut mollis vel, finibus nec purus. Nulla eu ex eget elit ullamcorper porttitor ac sit amet neque. Mauris ut sollicitudin eros. Fusce auctor turpis ultricies magna elementum cursus. Nunc scelerisque, velit eget accumsan fringilla, purus diam dignissim libero, vel euismod velit enim ut mi.",
    "private_abstract": "Praesent mollis tempor enim, eget rutrum lacus commodo vitae. Ut viverra ut risus id efficitur. Maecenas scelerisque turpis sagittis pulvinar consequat. In ultricies efficitur faucibus. Pellentesque mattis sagittis malesuada. Maecenas varius nibh eget purus aliquam, vitae mollis odio feugiat. Aliquam erat volutpat. Cras elit metus, placerat sit amet nulla in, auctor commodo sem. In hac habitasse platea dictumst. Pellentesque ultrices odio eget neque egestas vehicula. Donec ornare ultricies ullamcorper. Morbi turpis augue, volutpat ut mollis vel, finibus nec purus. Nulla eu ex eget elit ullamcorper porttitor ac sit amet neque. Mauris ut sollicitudin eros. Fusce auctor turpis ultricies magna elementum cursus. Nunc scelerisque, velit eget accumsan fringilla, purus diam dignissim libero, vel euismod velit enim ut mi.",
    "private_abstract_html": "Praesent mollis tempor enim, eget rutrum lacus commodo vitae. Ut viverra ut risus id efficitur. Maecenas scelerisque turpis sagittis pulvinar consequat. In ultricies efficitur faucibus. Pellentesque mattis sagittis malesuada. Maecenas varius nibh eget purus aliquam, vitae mollis odio feugiat. Aliquam erat volutpat. Cras elit metus, placerat sit amet nulla in, auctor commodo sem. In hac habitasse platea dictumst. Pellentesque ultrices odio eget neque egestas vehicula. Donec ornare ultricies ullamcorper. Morbi turpis augue, volutpat ut mollis vel, finibus nec purus. Nulla eu ex eget elit ullamcorper porttitor ac sit amet neque. Mauris ut sollicitudin eros. Fusce auctor turpis ultricies magna elementum cursus. Nunc scelerisque, velit eget accumsan fringilla, purus diam dignissim libero, vel euismod velit enim ut mi.",
    "technical_requirements": "",
    "technical_requirements_html": "",
    "project": "",
    "project_url": "",
    "video_url": "",
    "submitted": "2018-06-29T22:41:06.799Z",
    "speaker": 2,
    "cancelled": false
  }
},
{
  "model": "symposion_proposals.proposalbase",
  "pk": 6,
  "fields": {
    "kind": 1,
    "title": "Another Talk",
    "abstract": "Praesent mollis tempor enim,",
    "abstract_html": "Praesent mollis tempor enim,",
    "private_abstract": "Praesent mollis tempor enim, eget rutrum lacus commodo vitae. Ut viverra ut risus id efficitur. Maecenas scelerisque turpis sagittis pulvinar consequat. In ultricies efficitur faucibus. Pellentesque mattis sagittis malesuada. Maecenas varius nibh eget purus aliquam, vitae mollis odio feugiat. Aliquam erat volutpat. Cras elit metus, placerat sit amet nulla in, auctor commodo sem. In hac habitasse platea dictumst. Pellentesque ultrices odio eget neque egestas vehicula. Donec ornare ultricies ullamcorper. Morbi turpis augue, volutpat ut mollis vel, finibus nec purus. Nulla eu ex eget elit ullamcorper porttitor ac sit amet neque. Mauris ut sollicitudin eros. Fusce auctor turpis ultricies magna elementum cursus. Nunc scelerisque, velit eget accumsan fringilla, purus diam dignissim libero, vel euismod velit enim ut mi.",
    "private_abstract_html": "Praesent mollis tempor enim, eget rutrum lacus commodo vitae. Ut viverra ut risus id efficitur. Maecenas scelerisque turpis sagittis pulvinar consequat. In ultricies efficitur faucibus. Pellentesque mattis sagittis malesuada. Maecenas varius nibh eget purus aliquam, vitae mollis odio feugiat. Aliquam erat volutpat. Cras elit metus, placerat sit amet nulla in, auctor commodo sem. In hac habitasse platea dictumst. Pellentesque ultrices odio eget neque egestas vehicula. Donec ornare ultricies ullamcorper. Morbi turpis augue, volutpat ut mollis vel, finibus nec purus. Nulla eu ex eget elit ullamcorper porttitor ac sit amet neque. Mauris ut sollicitudin eros. Fusce auctor turpis ultricies magna elementum cursus. Nunc scelerisque, velit eget accumsan fringilla, purus diam dignissim libero, vel euismod velit enim ut mi.",
    "technical_requirements": "",
    "technical_requirements_html": "",
    "project": "",
    "project_url": "",
    "video_url": "",
    "submitted": "2018-06-29T22:42:33.604Z",
    "speaker": 2,
    "cancelled": false
  }
},
{
  "model": "symposion_proposals.proposalbase",
  "pk": 7,
  "fields": {
    "kind": 1,
    "title": "Another Talk",
    "abstract": "Praesent mollis tempor enim,",
    "abstract_html": "Praesent mollis tempor enim,",
    "private_abstract": "Praesent mollis tempor enim, eget rutrum lacus commodo vitae. Ut viverra ut risus id efficitur. Maecenas scelerisque turpis sagittis pulvinar consequat. In ultricies efficitur faucibus. Pellentesque mattis sagittis malesuada. Maecenas varius nibh eget purus aliquam, vitae mollis odio feugiat. Aliquam erat volutpat. Cras elit metus, placerat sit amet nulla in, auctor commodo sem. In hac habitasse platea dictumst. Pellentesque ultrices odio eget neque egestas vehicula. Donec ornare ultricies ullamcorper. Morbi turpis augue, volutpat ut mollis vel, finibus nec purus. Nulla eu ex eget elit ullamcorper porttitor ac sit amet neque. Mauris ut sollicitudin eros. Fusce auctor turpis ultricies magna elementum cursus. Nunc scelerisque, velit eget accumsan fringilla, purus diam dignissim libero, vel euismod velit enim ut mi.",
    "private_abstract_html": "Praesent mollis tempor enim, eget rutrum lacus commodo vitae. Ut viverra ut risus id efficitur. Maecenas scelerisque turpis sagittis pulvinar consequat. In ultricies efficitur faucibus. Pellentesque mattis sagittis malesuada. Maecenas varius nibh eget purus aliquam, vitae mollis odio feugiat. Aliquam erat volutpat. Cras elit metus, placerat sit amet nulla in, auctor commodo sem. In hac habitasse platea dictumst. Pellentesque ultrices odio eget neque egestas vehicula. Donec ornare ultricies ullamcorper. Morbi turpis augue, volutpat ut mollis vel, finibus nec purus. Nulla eu ex eget elit ullamcorper porttitor ac sit amet neque. Mauris ut sollicitudin eros. Fusce auctor turpis ultricies magna elementum cursus. Nunc scelerisque, velit eget accumsan fringilla, purus diam dignissim libero, vel euismod velit enim ut mi.",
    "technical_requirements": "",
    "technical_requirements_html": "",
    "project": "",
    "project_url": "",
    "video_url": "",
    "submitted": "2018-06-29T22:42:33.954Z",
    "speaker": 2,
    "cancelled": false
  }
},
{
  "model": "regidesk.boardingpasstemplate",
  "pk": 1,
  "fields": {
    "label": "LCA2018",
    "from_address": "team@lca2018.org",
    "subject": "Your boarding pass for LCA2018, {{ user.attendee.attendeeprofilebase.attendeeprofile.name }}",
    "body": "This is the plain text version of your boarding pass for linux.conf.au 2018.\r\n\r\nWhen you check in at LCA, you'll need to show the QR code you can download from {{ qrcode_url }}, or quote registration code: {{ code }} ",
    "html_body": "<html>\r\n    <body>\r\n        <p>This is your boarding pass</p>\r\n        <p>A copy of the QR Code is required for check in, please bring this email on either your phone or on a print out.</p>\r\n        <p><img src=\"data:image/png;base64,{{ qrcode }}\" /></p>\r\n        <p>Backup Code: {{ code }}</p>\r\n    </body>\r\n</html>"
  }
},
{
  "model": "proposals.talkproposal",
  "pk": 2,
  "fields": {
    "target_audience": 1,
    "recording_release": true,
    "materials_release": true
  }
},
{
  "model": "proposals.talkproposal",
  "pk": 3,
  "fields": {
    "target_audience": 3,
    "recording_release": true,
    "materials_release": true
  }
},
{
  "model": "proposals.talkproposal",
  "pk": 6,
  "fields": {
    "target_audience": 2,
    "recording_release": true,
    "materials_release": true
  }
},
{
  "model": "proposals.talkproposal",
  "pk": 7,
  "fields": {
    "target_audience": 2,
    "recording_release": true,
    "materials_release": true
  }
},
{
  "model": "proposals.tutorialproposal",
  "pk": 5,
  "fields": {
    "target_audience": 3,
    "recording_release": true,
    "materials_release": true
  }
},
{
  "model": "proposals.miniconfproposal",
  "pk": 4,
  "fields": {
    "recording_release": true,
    "materials_release": true,
    "target_audience": 4
  }
},
{
  "model": "pinaxcon_registrasion.pastevent",
  "pk": 1,
  "fields": {
    "year": 1999,
    "name": "1999 Melbourne (CALU)"
  }
},
{
  "model": "pinaxcon_registrasion.pastevent",
  "pk": 2,
  "fields": {
    "year": 2001,
    "name": "2001 Sydney"
  }
},
{
  "model": "pinaxcon_registrasion.pastevent",
  "pk": 3,
  "fields": {
    "year": 2002,
    "name": "2002 Brisbane"
  }
},
{
  "model": "pinaxcon_registrasion.pastevent",
  "pk": 4,
  "fields": {
    "year": 2003,
    "name": "2003 Perth"
  }
},
{
  "model": "pinaxcon_registrasion.pastevent",
  "pk": 5,
  "fields": {
    "year": 2004,
    "name": "2004 Adelaide"
  }
},
{
  "model": "pinaxcon_registrasion.pastevent",
  "pk": 6,
  "fields": {
    "year": 2005,
    "name": "2005 Canberra"
  }
},
{
  "model": "pinaxcon_registrasion.pastevent",
  "pk": 7,
  "fields": {
    "year": 2006,
    "name": "2006 Dunedin"
  }
},
{
  "model": "pinaxcon_registrasion.pastevent",
  "pk": 8,
  "fields": {
    "year": 2007,
    "name": "2007 Sydney"
  }
},
{
  "model": "pinaxcon_registrasion.pastevent",
  "pk": 9,
  "fields": {
    "year": 2008,
    "name": "2008 Melbourne"
  }
},
{
  "model": "pinaxcon_registrasion.pastevent",
  "pk": 10,
  "fields": {
    "year": 2009,
    "name": "2009 Hobart"
  }
},
{
  "model": "pinaxcon_registrasion.pastevent",
  "pk": 11,
  "fields": {
    "year": 2010,
    "name": "2010 Wellington"
  }
},
{
  "model": "pinaxcon_registrasion.pastevent",
  "pk": 12,
  "fields": {
    "year": 2011,
    "name": "2011 Brisbane"
  }
},
{
  "model": "pinaxcon_registrasion.pastevent",
  "pk": 13,
  "fields": {
    "year": 2012,
    "name": "2012 Ballarat"
  }
},
{
  "model": "pinaxcon_registrasion.pastevent",
  "pk": 14,
  "fields": {
    "year": 2013,
    "name": "2013 Canberra"
  }
},
{
  "model": "pinaxcon_registrasion.pastevent",
  "pk": 15,
  "fields": {
    "year": 2014,
    "name": "2014 Perth"
  }
},
{
  "model": "pinaxcon_registrasion.pastevent",
  "pk": 16,
  "fields": {
    "year": 2015,
    "name": "2015 Auckland"
  }
},
{
  "model": "pinaxcon_registrasion.pastevent",
  "pk": 17,
  "fields": {
    "year": 2016,
    "name": "2016 Geelong"
  }
},
{
  "model": "pinaxcon_registrasion.pastevent",
  "pk": 18,
  "fields": {
    "year": 2017,
    "name": "2017 Hobart"
  }
},
{
  "model": "flatpages.flatpage",
  "pk": 1,
  "fields": {
    "url": "/",
    "title": "LCA 2019",
    "content": "",
    "enable_comments": false,
    "template_name": "flatpages/homepage.html",
    "registration_required": false,
    "sites": [
      1
    ]
  }
},
{
  "model": "flatpages.flatpage",
  "pk": 2,
  "fields": {
    "url": "/attend/code-of-conduct/",
    "title": "Code of Conduct -- LCA2019",
    "content": "",
    "enable_comments": false,
    "template_name": "flatpages/coc.html",
    "registration_required": false,
    "sites": [
      1
    ]
  }
},
{
  "model": "flatpages.flatpage",
  "pk": 3,
  "fields": {
    "url": "/attend/terms-and-conditions/",
    "title": "Terms and Conditions -- LCA2019",
    "content": "",
    "enable_comments": false,
    "template_name": "flatpages/toc.html",
    "registration_required": false,
    "sites": [
      1
    ]
  }
},
{
  "model": "flatpages.flatpage",
  "pk": 4,
  "fields": {
    "url": "/sponsors/",
    "title": "Sponsorship -- LCA2019",
    "content": "",
    "enable_comments": false,
    "template_name": "flatpages/sponsorship.html",
    "registration_required": false,
    "sites": [
      1
    ]
  }
},
{
  "model": "auth.permission",
  "pk": 1,
  "fields": {
    "name": "Can add log entry",
    "content_type": 1,
    "codename": "add_logentry"
  }
},
{
  "model": "auth.permission",
  "pk": 2,
  "fields": {
    "name": "Can change log entry",
    "content_type": 1,
    "codename": "change_logentry"
  }
},
{
  "model": "auth.permission",
  "pk": 3,
  "fields": {
    "name": "Can delete log entry",
    "content_type": 1,
    "codename": "delete_logentry"
  }
},
{
  "model": "auth.permission",
  "pk": 4,
  "fields": {
    "name": "Can add permission",
    "content_type": 2,
    "codename": "add_permission"
  }
},
{
  "model": "auth.permission",
  "pk": 5,
  "fields": {
    "name": "Can change permission",
    "content_type": 2,
    "codename": "change_permission"
  }
},
{
  "model": "auth.permission",
  "pk": 6,
  "fields": {
    "name": "Can delete permission",
    "content_type": 2,
    "codename": "delete_permission"
  }
},
{
  "model": "auth.permission",
  "pk": 7,
  "fields": {
    "name": "Can add group",
    "content_type": 3,
    "codename": "add_group"
  }
},
{
  "model": "auth.permission",
  "pk": 8,
  "fields": {
    "name": "Can change group",
    "content_type": 3,
    "codename": "change_group"
  }
},
{
  "model": "auth.permission",
  "pk": 9,
  "fields": {
    "name": "Can delete group",
    "content_type": 3,
    "codename": "delete_group"
  }
},
{
  "model": "auth.permission",
  "pk": 10,
  "fields": {
    "name": "Can add user",
    "content_type": 4,
    "codename": "add_user"
  }
},
{
  "model": "auth.permission",
  "pk": 11,
  "fields": {
    "name": "Can change user",
    "content_type": 4,
    "codename": "change_user"
  }
},
{
  "model": "auth.permission",
  "pk": 12,
  "fields": {
    "name": "Can delete user",
    "content_type": 4,
    "codename": "delete_user"
  }
},
{
  "model": "auth.permission",
  "pk": 13,
  "fields": {
    "name": "Can add content type",
    "content_type": 5,
    "codename": "add_contenttype"
  }
},
{
  "model": "auth.permission",
  "pk": 14,
  "fields": {
    "name": "Can change content type",
    "content_type": 5,
    "codename": "change_contenttype"
  }
},
{
  "model": "auth.permission",
  "pk": 15,
  "fields": {
    "name": "Can delete content type",
    "content_type": 5,
    "codename": "delete_contenttype"
  }
},
{
  "model": "auth.permission",
  "pk": 16,
  "fields": {
    "name": "Can add flat page",
    "content_type": 6,
    "codename": "add_flatpage"
  }
},
{
  "model": "auth.permission",
  "pk": 17,
  "fields": {
    "name": "Can change flat page",
    "content_type": 6,
    "codename": "change_flatpage"
  }
},
{
  "model": "auth.permission",
  "pk": 18,
  "fields": {
    "name": "Can delete flat page",
    "content_type": 6,
    "codename": "delete_flatpage"
  }
},
{
  "model": "auth.permission",
  "pk": 19,
  "fields": {
    "name": "Can add session",
    "content_type": 7,
    "codename": "add_session"
  }
},
{
  "model": "auth.permission",
  "pk": 20,
  "fields": {
    "name": "Can change session",
    "content_type": 7,
    "codename": "change_session"
  }
},
{
  "model": "auth.permission",
  "pk": 21,
  "fields": {
    "name": "Can delete session",
    "content_type": 7,
    "codename": "delete_session"
  }
},
{
  "model": "auth.permission",
  "pk": 22,
  "fields": {
    "name": "Can add site",
    "content_type": 8,
    "codename": "add_site"
  }
},
{
  "model": "auth.permission",
  "pk": 23,
  "fields": {
    "name": "Can change site",
    "content_type": 8,
    "codename": "change_site"
  }
},
{
  "model": "auth.permission",
  "pk": 24,
  "fields": {
    "name": "Can delete site",
    "content_type": 8,
    "codename": "delete_site"
  }
},
{
  "model": "auth.permission",
  "pk": 25,
  "fields": {
    "name": "Can add source",
    "content_type": 9,
    "codename": "add_source"
  }
},
{
  "model": "auth.permission",
  "pk": 26,
  "fields": {
    "name": "Can change source",
    "content_type": 9,
    "codename": "change_source"
  }
},
{
  "model": "auth.permission",
  "pk": 27,
  "fields": {
    "name": "Can delete source",
    "content_type": 9,
    "codename": "delete_source"
  }
},
{
  "model": "auth.permission",
  "pk": 28,
  "fields": {
    "name": "Can add thumbnail",
    "content_type": 10,
    "codename": "add_thumbnail"
  }
},
{
  "model": "auth.permission",
  "pk": 29,
  "fields": {
    "name": "Can change thumbnail",
    "content_type": 10,
    "codename": "change_thumbnail"
  }
},
{
  "model": "auth.permission",
  "pk": 30,
  "fields": {
    "name": "Can delete thumbnail",
    "content_type": 10,
    "codename": "delete_thumbnail"
  }
},
{
  "model": "auth.permission",
  "pk": 31,
  "fields": {
    "name": "Can add thumbnail dimensions",
    "content_type": 11,
    "codename": "add_thumbnaildimensions"
  }
},
{
  "model": "auth.permission",
  "pk": 32,
  "fields": {
    "name": "Can change thumbnail dimensions",
    "content_type": 11,
    "codename": "change_thumbnaildimensions"
  }
},
{
  "model": "auth.permission",
  "pk": 33,
  "fields": {
    "name": "Can delete thumbnail dimensions",
    "content_type": 11,
    "codename": "delete_thumbnaildimensions"
  }
},
{
  "model": "auth.permission",
  "pk": 34,
  "fields": {
    "name": "Can add Tag",
    "content_type": 12,
    "codename": "add_tag"
  }
},
{
  "model": "auth.permission",
  "pk": 35,
  "fields": {
    "name": "Can change Tag",
    "content_type": 12,
    "codename": "change_tag"
  }
},
{
  "model": "auth.permission",
  "pk": 36,
  "fields": {
    "name": "Can delete Tag",
    "content_type": 12,
    "codename": "delete_tag"
  }
},
{
  "model": "auth.permission",
  "pk": 37,
  "fields": {
    "name": "Can add Tagged Item",
    "content_type": 13,
    "codename": "add_taggeditem"
  }
},
{
  "model": "auth.permission",
  "pk": 38,
  "fields": {
    "name": "Can change Tagged Item",
    "content_type": 13,
    "codename": "change_taggeditem"
  }
},
{
  "model": "auth.permission",
  "pk": 39,
  "fields": {
    "name": "Can delete Tagged Item",
    "content_type": 13,
    "codename": "delete_taggeditem"
  }
},
{
  "model": "auth.permission",
  "pk": 40,
  "fields": {
    "name": "Can add revision",
    "content_type": 14,
    "codename": "add_revision"
  }
},
{
  "model": "auth.permission",
  "pk": 41,
  "fields": {
    "name": "Can change revision",
    "content_type": 14,
    "codename": "change_revision"
  }
},
{
  "model": "auth.permission",
  "pk": 42,
  "fields": {
    "name": "Can delete revision",
    "content_type": 14,
    "codename": "delete_revision"
  }
},
{
  "model": "auth.permission",
  "pk": 43,
  "fields": {
    "name": "Can add version",
    "content_type": 15,
    "codename": "add_version"
  }
},
{
  "model": "auth.permission",
  "pk": 44,
  "fields": {
    "name": "Can change version",
    "content_type": 15,
    "codename": "change_version"
  }
},
{
  "model": "auth.permission",
  "pk": 45,
  "fields": {
    "name": "Can delete version",
    "content_type": 15,
    "codename": "delete_version"
  }
},
{
  "model": "auth.permission",
  "pk": 46,
  "fields": {
    "name": "Can add Site Tree",
    "content_type": 16,
    "codename": "add_tree"
  }
},
{
  "model": "auth.permission",
  "pk": 47,
  "fields": {
    "name": "Can change Site Tree",
    "content_type": 16,
    "codename": "change_tree"
  }
},
{
  "model": "auth.permission",
  "pk": 48,
  "fields": {
    "name": "Can delete Site Tree",
    "content_type": 16,
    "codename": "delete_tree"
  }
},
{
  "model": "auth.permission",
  "pk": 49,
  "fields": {
    "name": "Can add Site Tree Item",
    "content_type": 17,
    "codename": "add_treeitem"
  }
},
{
  "model": "auth.permission",
  "pk": 50,
  "fields": {
    "name": "Can change Site Tree Item",
    "content_type": 17,
    "codename": "change_treeitem"
  }
},
{
  "model": "auth.permission",
  "pk": 51,
  "fields": {
    "name": "Can delete Site Tree Item",
    "content_type": 17,
    "codename": "delete_treeitem"
  }
},
{
  "model": "auth.permission",
  "pk": 52,
  "fields": {
    "name": "Can add log",
    "content_type": 18,
    "codename": "add_log"
  }
},
{
  "model": "auth.permission",
  "pk": 53,
  "fields": {
    "name": "Can change log",
    "content_type": 18,
    "codename": "change_log"
  }
},
{
  "model": "auth.permission",
  "pk": 54,
  "fields": {
    "name": "Can delete log",
    "content_type": 18,
    "codename": "delete_log"
  }
},
{
  "model": "auth.permission",
  "pk": 55,
  "fields": {
    "name": "Can add conference",
    "content_type": 19,
    "codename": "add_conference"
  }
},
{
  "model": "auth.permission",
  "pk": 56,
  "fields": {
    "name": "Can change conference",
    "content_type": 19,
    "codename": "change_conference"
  }
},
{
  "model": "auth.permission",
  "pk": 57,
  "fields": {
    "name": "Can delete conference",
    "content_type": 19,
    "codename": "delete_conference"
  }
},
{
  "model": "auth.permission",
  "pk": 58,
  "fields": {
    "name": "Can add section",
    "content_type": 20,
    "codename": "add_section"
  }
},
{
  "model": "auth.permission",
  "pk": 59,
  "fields": {
    "name": "Can change section",
    "content_type": 20,
    "codename": "change_section"
  }
},
{
  "model": "auth.permission",
  "pk": 60,
  "fields": {
    "name": "Can delete section",
    "content_type": 20,
    "codename": "delete_section"
  }
},
{
  "model": "auth.permission",
  "pk": 61,
  "fields": {
    "name": "Can add Addtional speaker",
    "content_type": 21,
    "codename": "add_additionalspeaker"
  }
},
{
  "model": "auth.permission",
  "pk": 62,
  "fields": {
    "name": "Can change Addtional speaker",
    "content_type": 21,
    "codename": "change_additionalspeaker"
  }
},
{
  "model": "auth.permission",
  "pk": 63,
  "fields": {
    "name": "Can delete Addtional speaker",
    "content_type": 21,
    "codename": "delete_additionalspeaker"
  }
},
{
  "model": "auth.permission",
  "pk": 64,
  "fields": {
    "name": "Can add proposal base",
    "content_type": 22,
    "codename": "add_proposalbase"
  }
},
{
  "model": "auth.permission",
  "pk": 65,
  "fields": {
    "name": "Can change proposal base",
    "content_type": 22,
    "codename": "change_proposalbase"
  }
},
{
  "model": "auth.permission",
  "pk": 66,
  "fields": {
    "name": "Can delete proposal base",
    "content_type": 22,
    "codename": "delete_proposalbase"
  }
},
{
  "model": "auth.permission",
  "pk": 67,
  "fields": {
    "name": "Can add proposal kind",
    "content_type": 23,
    "codename": "add_proposalkind"
  }
},
{
  "model": "auth.permission",
  "pk": 68,
  "fields": {
    "name": "Can change proposal kind",
    "content_type": 23,
    "codename": "change_proposalkind"
  }
},
{
  "model": "auth.permission",
  "pk": 69,
  "fields": {
    "name": "Can delete proposal kind",
    "content_type": 23,
    "codename": "delete_proposalkind"
  }
},
{
  "model": "auth.permission",
  "pk": 70,
  "fields": {
    "name": "Can add proposal section",
    "content_type": 24,
    "codename": "add_proposalsection"
  }
},
{
  "model": "auth.permission",
  "pk": 71,
  "fields": {
    "name": "Can change proposal section",
    "content_type": 24,
    "codename": "change_proposalsection"
  }
},
{
  "model": "auth.permission",
  "pk": 72,
  "fields": {
    "name": "Can delete proposal section",
    "content_type": 24,
    "codename": "delete_proposalsection"
  }
},
{
  "model": "auth.permission",
  "pk": 73,
  "fields": {
    "name": "Can add supporting document",
    "content_type": 25,
    "codename": "add_supportingdocument"
  }
},
{
  "model": "auth.permission",
  "pk": 74,
  "fields": {
    "name": "Can change supporting document",
    "content_type": 25,
    "codename": "change_supportingdocument"
  }
},
{
  "model": "auth.permission",
  "pk": 75,
  "fields": {
    "name": "Can delete supporting document",
    "content_type": 25,
    "codename": "delete_supportingdocument"
  }
},
{
  "model": "auth.permission",
  "pk": 76,
  "fields": {
    "name": "Can add comment",
    "content_type": 26,
    "codename": "add_comment"
  }
},
{
  "model": "auth.permission",
  "pk": 77,
  "fields": {
    "name": "Can change comment",
    "content_type": 26,
    "codename": "change_comment"
  }
},
{
  "model": "auth.permission",
  "pk": 78,
  "fields": {
    "name": "Can delete comment",
    "content_type": 26,
    "codename": "delete_comment"
  }
},
{
  "model": "auth.permission",
  "pk": 79,
  "fields": {
    "name": "Can add latest vote",
    "content_type": 27,
    "codename": "add_latestvote"
  }
},
{
  "model": "auth.permission",
  "pk": 80,
  "fields": {
    "name": "Can change latest vote",
    "content_type": 27,
    "codename": "change_latestvote"
  }
},
{
  "model": "auth.permission",
  "pk": 81,
  "fields": {
    "name": "Can delete latest vote",
    "content_type": 27,
    "codename": "delete_latestvote"
  }
},
{
  "model": "auth.permission",
  "pk": 82,
  "fields": {
    "name": "Can add notification template",
    "content_type": 28,
    "codename": "add_notificationtemplate"
  }
},
{
  "model": "auth.permission",
  "pk": 83,
  "fields": {
    "name": "Can change notification template",
    "content_type": 28,
    "codename": "change_notificationtemplate"
  }
},
{
  "model": "auth.permission",
  "pk": 84,
  "fields": {
    "name": "Can delete notification template",
    "content_type": 28,
    "codename": "delete_notificationtemplate"
  }
},
{
  "model": "auth.permission",
  "pk": 85,
  "fields": {
    "name": "Can add proposal message",
    "content_type": 29,
    "codename": "add_proposalmessage"
  }
},
{
  "model": "auth.permission",
  "pk": 86,
  "fields": {
    "name": "Can change proposal message",
    "content_type": 29,
    "codename": "change_proposalmessage"
  }
},
{
  "model": "auth.permission",
  "pk": 87,
  "fields": {
    "name": "Can delete proposal message",
    "content_type": 29,
    "codename": "delete_proposalmessage"
  }
},
{
  "model": "auth.permission",
  "pk": 88,
  "fields": {
    "name": "Can add proposal_result",
    "content_type": 30,
    "codename": "add_proposalresult"
  }
},
{
  "model": "auth.permission",
  "pk": 89,
  "fields": {
    "name": "Can change proposal_result",
    "content_type": 30,
    "codename": "change_proposalresult"
  }
},
{
  "model": "auth.permission",
  "pk": 90,
  "fields": {
    "name": "Can delete proposal_result",
    "content_type": 30,
    "codename": "delete_proposalresult"
  }
},
{
  "model": "auth.permission",
  "pk": 91,
  "fields": {
    "name": "Can add result notification",
    "content_type": 31,
    "codename": "add_resultnotification"
  }
},
{
  "model": "auth.permission",
  "pk": 92,
  "fields": {
    "name": "Can change result notification",
    "content_type": 31,
    "codename": "change_resultnotification"
  }
},
{
  "model": "auth.permission",
  "pk": 93,
  "fields": {
    "name": "Can delete result notification",
    "content_type": 31,
    "codename": "delete_resultnotification"
  }
},
{
  "model": "auth.permission",
  "pk": 94,
  "fields": {
    "name": "Can add review",
    "content_type": 32,
    "codename": "add_review"
  }
},
{
  "model": "auth.permission",
  "pk": 95,
  "fields": {
    "name": "Can change review",
    "content_type": 32,
    "codename": "change_review"
  }
},
{
  "model": "auth.permission",
  "pk": 96,
  "fields": {
    "name": "Can delete review",
    "content_type": 32,
    "codename": "delete_review"
  }
},
{
  "model": "auth.permission",
  "pk": 97,
  "fields": {
    "name": "Can add review assignment",
    "content_type": 33,
    "codename": "add_reviewassignment"
  }
},
{
  "model": "auth.permission",
  "pk": 98,
  "fields": {
    "name": "Can change review assignment",
    "content_type": 33,
    "codename": "change_reviewassignment"
  }
},
{
  "model": "auth.permission",
  "pk": 99,
  "fields": {
    "name": "Can delete review assignment",
    "content_type": 33,
    "codename": "delete_reviewassignment"
  }
},
{
  "model": "auth.permission",
  "pk": 100,
  "fields": {
    "name": "Can add date",
    "content_type": 34,
    "codename": "add_day"
  }
},
{
  "model": "auth.permission",
  "pk": 101,
  "fields": {
    "name": "Can change date",
    "content_type": 34,
    "codename": "change_day"
  }
},
{
  "model": "auth.permission",
  "pk": 102,
  "fields": {
    "name": "Can delete date",
    "content_type": 34,
    "codename": "delete_day"
  }
},
{
  "model": "auth.permission",
  "pk": 103,
  "fields": {
    "name": "Can add presentation",
    "content_type": 35,
    "codename": "add_presentation"
  }
},
{
  "model": "auth.permission",
  "pk": 104,
  "fields": {
    "name": "Can change presentation",
    "content_type": 35,
    "codename": "change_presentation"
  }
},
{
  "model": "auth.permission",
  "pk": 105,
  "fields": {
    "name": "Can delete presentation",
    "content_type": 35,
    "codename": "delete_presentation"
  }
},
{
  "model": "auth.permission",
  "pk": 106,
  "fields": {
    "name": "Can add Room",
    "content_type": 36,
    "codename": "add_room"
  }
},
{
  "model": "auth.permission",
  "pk": 107,
  "fields": {
    "name": "Can change Room",
    "content_type": 36,
    "codename": "change_room"
  }
},
{
  "model": "auth.permission",
  "pk": 108,
  "fields": {
    "name": "Can delete Room",
    "content_type": 36,
    "codename": "delete_room"
  }
},
{
  "model": "auth.permission",
  "pk": 109,
  "fields": {
    "name": "Can add Schedule",
    "content_type": 37,
    "codename": "add_schedule"
  }
},
{
  "model": "auth.permission",
  "pk": 110,
  "fields": {
    "name": "Can change Schedule",
    "content_type": 37,
    "codename": "change_schedule"
  }
},
{
  "model": "auth.permission",
  "pk": 111,
  "fields": {
    "name": "Can delete Schedule",
    "content_type": 37,
    "codename": "delete_schedule"
  }
},
{
  "model": "auth.permission",
  "pk": 112,
  "fields": {
    "name": "Can add Session",
    "content_type": 38,
    "codename": "add_session"
  }
},
{
  "model": "auth.permission",
  "pk": 113,
  "fields": {
    "name": "Can change Session",
    "content_type": 38,
    "codename": "change_session"
  }
},
{
  "model": "auth.permission",
  "pk": 114,
  "fields": {
    "name": "Can delete Session",
    "content_type": 38,
    "codename": "delete_session"
  }
},
{
  "model": "auth.permission",
  "pk": 115,
  "fields": {
    "name": "Can add Session role",
    "content_type": 39,
    "codename": "add_sessionrole"
  }
},
{
  "model": "auth.permission",
  "pk": 116,
  "fields": {
    "name": "Can change Session role",
    "content_type": 39,
    "codename": "change_sessionrole"
  }
},
{
  "model": "auth.permission",
  "pk": 117,
  "fields": {
    "name": "Can delete Session role",
    "content_type": 39,
    "codename": "delete_sessionrole"
  }
},
{
  "model": "auth.permission",
  "pk": 118,
  "fields": {
    "name": "Can add slot",
    "content_type": 40,
    "codename": "add_slot"
  }
},
{
  "model": "auth.permission",
  "pk": 119,
  "fields": {
    "name": "Can change slot",
    "content_type": 40,
    "codename": "change_slot"
  }
},
{
  "model": "auth.permission",
  "pk": 120,
  "fields": {
    "name": "Can delete slot",
    "content_type": 40,
    "codename": "delete_slot"
  }
},
{
  "model": "auth.permission",
  "pk": 121,
  "fields": {
    "name": "Can add Slot kind",
    "content_type": 41,
    "codename": "add_slotkind"
  }
},
{
  "model": "auth.permission",
  "pk": 122,
  "fields": {
    "name": "Can change Slot kind",
    "content_type": 41,
    "codename": "change_slotkind"
  }
},
{
  "model": "auth.permission",
  "pk": 123,
  "fields": {
    "name": "Can delete Slot kind",
    "content_type": 41,
    "codename": "delete_slotkind"
  }
},
{
  "model": "auth.permission",
  "pk": 124,
  "fields": {
    "name": "Can add Slot room",
    "content_type": 42,
    "codename": "add_slotroom"
  }
},
{
  "model": "auth.permission",
  "pk": 125,
  "fields": {
    "name": "Can change Slot room",
    "content_type": 42,
    "codename": "change_slotroom"
  }
},
{
  "model": "auth.permission",
  "pk": 126,
  "fields": {
    "name": "Can delete Slot room",
    "content_type": 42,
    "codename": "delete_slotroom"
  }
},
{
  "model": "auth.permission",
  "pk": 127,
  "fields": {
    "name": "Can add Track",
    "content_type": 43,
    "codename": "add_track"
  }
},
{
  "model": "auth.permission",
  "pk": 128,
  "fields": {
    "name": "Can change Track",
    "content_type": 43,
    "codename": "change_track"
  }
},
{
  "model": "auth.permission",
  "pk": 129,
  "fields": {
    "name": "Can delete Track",
    "content_type": 43,
    "codename": "delete_track"
  }
},
{
  "model": "auth.permission",
  "pk": 130,
  "fields": {
    "name": "Can add Speaker",
    "content_type": 44,
    "codename": "add_speaker"
  }
},
{
  "model": "auth.permission",
  "pk": 131,
  "fields": {
    "name": "Can change Speaker",
    "content_type": 44,
    "codename": "change_speaker"
  }
},
{
  "model": "auth.permission",
  "pk": 132,
  "fields": {
    "name": "Can delete Speaker",
    "content_type": 44,
    "codename": "delete_speaker"
  }
},
{
  "model": "auth.permission",
  "pk": 133,
  "fields": {
    "name": "Can View Contact Details",
    "content_type": 44,
    "codename": "can_view_contact_details"
  }
},
{
  "model": "auth.permission",
  "pk": 134,
  "fields": {
    "name": "Can add Membership",
    "content_type": 45,
    "codename": "add_membership"
  }
},
{
  "model": "auth.permission",
  "pk": 135,
  "fields": {
    "name": "Can change Membership",
    "content_type": 45,
    "codename": "change_membership"
  }
},
{
  "model": "auth.permission",
  "pk": 136,
  "fields": {
    "name": "Can delete Membership",
    "content_type": 45,
    "codename": "delete_membership"
  }
},
{
  "model": "auth.permission",
  "pk": 137,
  "fields": {
    "name": "Can add Team",
    "content_type": 46,
    "codename": "add_team"
  }
},
{
  "model": "auth.permission",
  "pk": 138,
  "fields": {
    "name": "Can change Team",
    "content_type": 46,
    "codename": "change_team"
  }
},
{
  "model": "auth.permission",
  "pk": 139,
  "fields": {
    "name": "Can delete Team",
    "content_type": 46,
    "codename": "delete_team"
  }
},
{
  "model": "auth.permission",
  "pk": 140,
  "fields": {
    "name": "Can add attendee",
    "content_type": 47,
    "codename": "add_attendee"
  }
},
{
  "model": "auth.permission",
  "pk": 141,
  "fields": {
    "name": "Can change attendee",
    "content_type": 47,
    "codename": "change_attendee"
  }
},
{
  "model": "auth.permission",
  "pk": 142,
  "fields": {
    "name": "Can delete attendee",
    "content_type": 47,
    "codename": "delete_attendee"
  }
},
{
  "model": "auth.permission",
  "pk": 143,
  "fields": {
    "name": "Can add attendee profile base",
    "content_type": 48,
    "codename": "add_attendeeprofilebase"
  }
},
{
  "model": "auth.permission",
  "pk": 144,
  "fields": {
    "name": "Can change attendee profile base",
    "content_type": 48,
    "codename": "change_attendeeprofilebase"
  }
},
{
  "model": "auth.permission",
  "pk": 145,
  "fields": {
    "name": "Can delete attendee profile base",
    "content_type": 48,
    "codename": "delete_attendeeprofilebase"
  }
},
{
  "model": "auth.permission",
  "pk": 146,
  "fields": {
    "name": "Can add cart",
    "content_type": 49,
    "codename": "add_cart"
  }
},
{
  "model": "auth.permission",
  "pk": 147,
  "fields": {
    "name": "Can change cart",
    "content_type": 49,
    "codename": "change_cart"
  }
},
{
  "model": "auth.permission",
  "pk": 148,
  "fields": {
    "name": "Can delete cart",
    "content_type": 49,
    "codename": "delete_cart"
  }
},
{
  "model": "auth.permission",
  "pk": 149,
  "fields": {
    "name": "Can add inventory - category",
    "content_type": 50,
    "codename": "add_category"
  }
},
{
  "model": "auth.permission",
  "pk": 150,
  "fields": {
    "name": "Can change inventory - category",
    "content_type": 50,
    "codename": "change_category"
  }
},
{
  "model": "auth.permission",
  "pk": 151,
  "fields": {
    "name": "Can delete inventory - category",
    "content_type": 50,
    "codename": "delete_category"
  }
},
{
  "model": "auth.permission",
  "pk": 152,
  "fields": {
    "name": "Can add credit note refund",
    "content_type": 51,
    "codename": "add_creditnoterefund"
  }
},
{
  "model": "auth.permission",
  "pk": 153,
  "fields": {
    "name": "Can change credit note refund",
    "content_type": 51,
    "codename": "change_creditnoterefund"
  }
},
{
  "model": "auth.permission",
  "pk": 154,
  "fields": {
    "name": "Can delete credit note refund",
    "content_type": 51,
    "codename": "delete_creditnoterefund"
  }
},
{
  "model": "auth.permission",
  "pk": 155,
  "fields": {
    "name": "Can add discount base",
    "content_type": 52,
    "codename": "add_discountbase"
  }
},
{
  "model": "auth.permission",
  "pk": 156,
  "fields": {
    "name": "Can change discount base",
    "content_type": 52,
    "codename": "change_discountbase"
  }
},
{
  "model": "auth.permission",
  "pk": 157,
  "fields": {
    "name": "Can delete discount base",
    "content_type": 52,
    "codename": "delete_discountbase"
  }
},
{
  "model": "auth.permission",
  "pk": 158,
  "fields": {
    "name": "Can add discount for category",
    "content_type": 53,
    "codename": "add_discountforcategory"
  }
},
{
  "model": "auth.permission",
  "pk": 159,
  "fields": {
    "name": "Can change discount for category",
    "content_type": 53,
    "codename": "change_discountforcategory"
  }
},
{
  "model": "auth.permission",
  "pk": 160,
  "fields": {
    "name": "Can delete discount for category",
    "content_type": 53,
    "codename": "delete_discountforcategory"
  }
},
{
  "model": "auth.permission",
  "pk": 161,
  "fields": {
    "name": "Can add discount for product",
    "content_type": 54,
    "codename": "add_discountforproduct"
  }
},
{
  "model": "auth.permission",
  "pk": 162,
  "fields": {
    "name": "Can change discount for product",
    "content_type": 54,
    "codename": "change_discountforproduct"
  }
},
{
  "model": "auth.permission",
  "pk": 163,
  "fields": {
    "name": "Can delete discount for product",
    "content_type": 54,
    "codename": "delete_discountforproduct"
  }
},
{
  "model": "auth.permission",
  "pk": 164,
  "fields": {
    "name": "Can add discount item",
    "content_type": 55,
    "codename": "add_discountitem"
  }
},
{
  "model": "auth.permission",
  "pk": 165,
  "fields": {
    "name": "Can change discount item",
    "content_type": 55,
    "codename": "change_discountitem"
  }
},
{
  "model": "auth.permission",
  "pk": 166,
  "fields": {
    "name": "Can delete discount item",
    "content_type": 55,
    "codename": "delete_discountitem"
  }
},
{
  "model": "auth.permission",
  "pk": 167,
  "fields": {
    "name": "Can add flag base",
    "content_type": 56,
    "codename": "add_flagbase"
  }
},
{
  "model": "auth.permission",
  "pk": 168,
  "fields": {
    "name": "Can change flag base",
    "content_type": 56,
    "codename": "change_flagbase"
  }
},
{
  "model": "auth.permission",
  "pk": 169,
  "fields": {
    "name": "Can delete flag base",
    "content_type": 56,
    "codename": "delete_flagbase"
  }
},
{
  "model": "auth.permission",
  "pk": 170,
  "fields": {
    "name": "Can add invoice",
    "content_type": 57,
    "codename": "add_invoice"
  }
},
{
  "model": "auth.permission",
  "pk": 171,
  "fields": {
    "name": "Can change invoice",
    "content_type": 57,
    "codename": "change_invoice"
  }
},
{
  "model": "auth.permission",
  "pk": 172,
  "fields": {
    "name": "Can delete invoice",
    "content_type": 57,
    "codename": "delete_invoice"
  }
},
{
  "model": "auth.permission",
  "pk": 173,
  "fields": {
    "name": "Can add line item",
    "content_type": 58,
    "codename": "add_lineitem"
  }
},
{
  "model": "auth.permission",
  "pk": 174,
  "fields": {
    "name": "Can change line item",
    "content_type": 58,
    "codename": "change_lineitem"
  }
},
{
  "model": "auth.permission",
  "pk": 175,
  "fields": {
    "name": "Can delete line item",
    "content_type": 58,
    "codename": "delete_lineitem"
  }
},
{
  "model": "auth.permission",
  "pk": 176,
  "fields": {
    "name": "Can add payment base",
    "content_type": 59,
    "codename": "add_paymentbase"
  }
},
{
  "model": "auth.permission",
  "pk": 177,
  "fields": {
    "name": "Can change payment base",
    "content_type": 59,
    "codename": "change_paymentbase"
  }
},
{
  "model": "auth.permission",
  "pk": 178,
  "fields": {
    "name": "Can delete payment base",
    "content_type": 59,
    "codename": "delete_paymentbase"
  }
},
{
  "model": "auth.permission",
  "pk": 179,
  "fields": {
    "name": "Can add inventory - product",
    "content_type": 60,
    "codename": "add_product"
  }
},
{
  "model": "auth.permission",
  "pk": 180,
  "fields": {
    "name": "Can change inventory - product",
    "content_type": 60,
    "codename": "change_product"
  }
},
{
  "model": "auth.permission",
  "pk": 181,
  "fields": {
    "name": "Can delete inventory - product",
    "content_type": 60,
    "codename": "delete_product"
  }
},
{
  "model": "auth.permission",
  "pk": 182,
  "fields": {
    "name": "Can add product item",
    "content_type": 61,
    "codename": "add_productitem"
  }
},
{
  "model": "auth.permission",
  "pk": 183,
  "fields": {
    "name": "Can change product item",
    "content_type": 61,
    "codename": "change_productitem"
  }
},
{
  "model": "auth.permission",
  "pk": 184,
  "fields": {
    "name": "Can delete product item",
    "content_type": 61,
    "codename": "delete_productitem"
  }
},
{
  "model": "auth.permission",
  "pk": 185,
  "fields": {
    "name": "Can add voucher",
    "content_type": 62,
    "codename": "add_voucher"
  }
},
{
  "model": "auth.permission",
  "pk": 186,
  "fields": {
    "name": "Can change voucher",
    "content_type": 62,
    "codename": "change_voucher"
  }
},
{
  "model": "auth.permission",
  "pk": 187,
  "fields": {
    "name": "Can delete voucher",
    "content_type": 62,
    "codename": "delete_voucher"
  }
},
{
  "model": "auth.permission",
  "pk": 188,
  "fields": {
    "name": "Can add flag (dependency on product from category)",
    "content_type": 63,
    "codename": "add_categoryflag"
  }
},
{
  "model": "auth.permission",
  "pk": 189,
  "fields": {
    "name": "Can change flag (dependency on product from category)",
    "content_type": 63,
    "codename": "change_categoryflag"
  }
},
{
  "model": "auth.permission",
  "pk": 190,
  "fields": {
    "name": "Can delete flag (dependency on product from category)",
    "content_type": 63,
    "codename": "delete_categoryflag"
  }
},
{
  "model": "auth.permission",
  "pk": 191,
  "fields": {
    "name": "Can add credit note",
    "content_type": 64,
    "codename": "add_creditnote"
  }
},
{
  "model": "auth.permission",
  "pk": 192,
  "fields": {
    "name": "Can change credit note",
    "content_type": 64,
    "codename": "change_creditnote"
  }
},
{
  "model": "auth.permission",
  "pk": 193,
  "fields": {
    "name": "Can delete credit note",
    "content_type": 64,
    "codename": "delete_creditnote"
  }
},
{
  "model": "auth.permission",
  "pk": 194,
  "fields": {
    "name": "Can add credit note application",
    "content_type": 65,
    "codename": "add_creditnoteapplication"
  }
},
{
  "model": "auth.permission",
  "pk": 195,
  "fields": {
    "name": "Can change credit note application",
    "content_type": 65,
    "codename": "change_creditnoteapplication"
  }
},
{
  "model": "auth.permission",
  "pk": 196,
  "fields": {
    "name": "Can delete credit note application",
    "content_type": 65,
    "codename": "delete_creditnoteapplication"
  }
},
{
  "model": "auth.permission",
  "pk": 197,
  "fields": {
    "name": "Can add discount (product inclusions)",
    "content_type": 66,
    "codename": "add_includedproductdiscount"
  }
},
{
  "model": "auth.permission",
  "pk": 198,
  "fields": {
    "name": "Can change discount (product inclusions)",
    "content_type": 66,
    "codename": "change_includedproductdiscount"
  }
},
{
  "model": "auth.permission",
  "pk": 199,
  "fields": {
    "name": "Can delete discount (product inclusions)",
    "content_type": 66,
    "codename": "delete_includedproductdiscount"
  }
},
{
  "model": "auth.permission",
  "pk": 200,
  "fields": {
    "name": "Can add manual credit note refund",
    "content_type": 67,
    "codename": "add_manualcreditnoterefund"
  }
},
{
  "model": "auth.permission",
  "pk": 201,
  "fields": {
    "name": "Can change manual credit note refund",
    "content_type": 67,
    "codename": "change_manualcreditnoterefund"
  }
},
{
  "model": "auth.permission",
  "pk": 202,
  "fields": {
    "name": "Can delete manual credit note refund",
    "content_type": 67,
    "codename": "delete_manualcreditnoterefund"
  }
},
{
  "model": "auth.permission",
  "pk": 203,
  "fields": {
    "name": "Can add manual payment",
    "content_type": 68,
    "codename": "add_manualpayment"
  }
},
{
  "model": "auth.permission",
  "pk": 204,
  "fields": {
    "name": "Can change manual payment",
    "content_type": 68,
    "codename": "change_manualpayment"
  }
},
{
  "model": "auth.permission",
  "pk": 205,
  "fields": {
    "name": "Can delete manual payment",
    "content_type": 68,
    "codename": "delete_manualpayment"
  }
},
{
  "model": "auth.permission",
  "pk": 206,
  "fields": {
    "name": "Can add flag (dependency on product)",
    "content_type": 69,
    "codename": "add_productflag"
  }
},
{
  "model": "auth.permission",
  "pk": 207,
  "fields": {
    "name": "Can change flag (dependency on product)",
    "content_type": 69,
    "codename": "change_productflag"
  }
},
{
  "model": "auth.permission",
  "pk": 208,
  "fields": {
    "name": "Can delete flag (dependency on product)",
    "content_type": 69,
    "codename": "delete_productflag"
  }
},
{
  "model": "auth.permission",
  "pk": 209,
  "fields": {
    "name": "Can add discount (time/stock limit)",
    "content_type": 70,
    "codename": "add_timeorstocklimitdiscount"
  }
},
{
  "model": "auth.permission",
  "pk": 210,
  "fields": {
    "name": "Can change discount (time/stock limit)",
    "content_type": 70,
    "codename": "change_timeorstocklimitdiscount"
  }
},
{
  "model": "auth.permission",
  "pk": 211,
  "fields": {
    "name": "Can delete discount (time/stock limit)",
    "content_type": 70,
    "codename": "delete_timeorstocklimitdiscount"
  }
},
{
  "model": "auth.permission",
  "pk": 212,
  "fields": {
    "name": "Can add flag (time/stock limit)",
    "content_type": 71,
    "codename": "add_timeorstocklimitflag"
  }
},
{
  "model": "auth.permission",
  "pk": 213,
  "fields": {
    "name": "Can change flag (time/stock limit)",
    "content_type": 71,
    "codename": "change_timeorstocklimitflag"
  }
},
{
  "model": "auth.permission",
  "pk": 214,
  "fields": {
    "name": "Can delete flag (time/stock limit)",
    "content_type": 71,
    "codename": "delete_timeorstocklimitflag"
  }
},
{
  "model": "auth.permission",
  "pk": 215,
  "fields": {
    "name": "Can add discount (enabled by voucher)",
    "content_type": 72,
    "codename": "add_voucherdiscount"
  }
},
{
  "model": "auth.permission",
  "pk": 216,
  "fields": {
    "name": "Can change discount (enabled by voucher)",
    "content_type": 72,
    "codename": "change_voucherdiscount"
  }
},
{
  "model": "auth.permission",
  "pk": 217,
  "fields": {
    "name": "Can delete discount (enabled by voucher)",
    "content_type": 72,
    "codename": "delete_voucherdiscount"
  }
},
{
  "model": "auth.permission",
  "pk": 218,
  "fields": {
    "name": "Can add flag (dependency on voucher)",
    "content_type": 73,
    "codename": "add_voucherflag"
  }
},
{
  "model": "auth.permission",
  "pk": 219,
  "fields": {
    "name": "Can change flag (dependency on voucher)",
    "content_type": 73,
    "codename": "change_voucherflag"
  }
},
{
  "model": "auth.permission",
  "pk": 220,
  "fields": {
    "name": "Can delete flag (dependency on voucher)",
    "content_type": 73,
    "codename": "delete_voucherflag"
  }
},
{
  "model": "auth.permission",
  "pk": 221,
  "fields": {
    "name": "Can add discount (speaker)",
    "content_type": 74,
    "codename": "add_speakerdiscount"
  }
},
{
  "model": "auth.permission",
  "pk": 222,
  "fields": {
    "name": "Can change discount (speaker)",
    "content_type": 74,
    "codename": "change_speakerdiscount"
  }
},
{
  "model": "auth.permission",
  "pk": 223,
  "fields": {
    "name": "Can delete discount (speaker)",
    "content_type": 74,
    "codename": "delete_speakerdiscount"
  }
},
{
  "model": "auth.permission",
  "pk": 224,
  "fields": {
    "name": "Can add flag (speaker)",
    "content_type": 75,
    "codename": "add_speakerflag"
  }
},
{
  "model": "auth.permission",
  "pk": 225,
  "fields": {
    "name": "Can change flag (speaker)",
    "content_type": 75,
    "codename": "change_speakerflag"
  }
},
{
  "model": "auth.permission",
  "pk": 226,
  "fields": {
    "name": "Can delete flag (speaker)",
    "content_type": 75,
    "codename": "delete_speakerflag"
  }
},
{
  "model": "auth.permission",
  "pk": 227,
  "fields": {
    "name": "Can add discount (group member)",
    "content_type": 76,
    "codename": "add_groupmemberdiscount"
  }
},
{
  "model": "auth.permission",
  "pk": 228,
  "fields": {
    "name": "Can change discount (group member)",
    "content_type": 76,
    "codename": "change_groupmemberdiscount"
  }
},
{
  "model": "auth.permission",
  "pk": 229,
  "fields": {
    "name": "Can delete discount (group member)",
    "content_type": 76,
    "codename": "delete_groupmemberdiscount"
  }
},
{
  "model": "auth.permission",
  "pk": 230,
  "fields": {
    "name": "Can add flag (group member)",
    "content_type": 77,
    "codename": "add_groupmemberflag"
  }
},
{
  "model": "auth.permission",
  "pk": 231,
  "fields": {
    "name": "Can change flag (group member)",
    "content_type": 77,
    "codename": "change_groupmemberflag"
  }
},
{
  "model": "auth.permission",
  "pk": 232,
  "fields": {
    "name": "Can delete flag (group member)",
    "content_type": 77,
    "codename": "delete_groupmemberflag"
  }
},
{
  "model": "auth.permission",
  "pk": 233,
  "fields": {
    "name": "Can add bitcoin receiver",
    "content_type": 78,
    "codename": "add_bitcoinreceiver"
  }
},
{
  "model": "auth.permission",
  "pk": 234,
  "fields": {
    "name": "Can change bitcoin receiver",
    "content_type": 78,
    "codename": "change_bitcoinreceiver"
  }
},
{
  "model": "auth.permission",
  "pk": 235,
  "fields": {
    "name": "Can delete bitcoin receiver",
    "content_type": 78,
    "codename": "delete_bitcoinreceiver"
  }
},
{
  "model": "auth.permission",
  "pk": 236,
  "fields": {
    "name": "Can add card",
    "content_type": 79,
    "codename": "add_card"
  }
},
{
  "model": "auth.permission",
  "pk": 237,
  "fields": {
    "name": "Can change card",
    "content_type": 79,
    "codename": "change_card"
  }
},
{
  "model": "auth.permission",
  "pk": 238,
  "fields": {
    "name": "Can delete card",
    "content_type": 79,
    "codename": "delete_card"
  }
},
{
  "model": "auth.permission",
  "pk": 239,
  "fields": {
    "name": "Can add charge",
    "content_type": 80,
    "codename": "add_charge"
  }
},
{
  "model": "auth.permission",
  "pk": 240,
  "fields": {
    "name": "Can change charge",
    "content_type": 80,
    "codename": "change_charge"
  }
},
{
  "model": "auth.permission",
  "pk": 241,
  "fields": {
    "name": "Can delete charge",
    "content_type": 80,
    "codename": "delete_charge"
  }
},
{
  "model": "auth.permission",
  "pk": 242,
  "fields": {
    "name": "Can add customer",
    "content_type": 81,
    "codename": "add_customer"
  }
},
{
  "model": "auth.permission",
  "pk": 243,
  "fields": {
    "name": "Can change customer",
    "content_type": 81,
    "codename": "change_customer"
  }
},
{
  "model": "auth.permission",
  "pk": 244,
  "fields": {
    "name": "Can delete customer",
    "content_type": 81,
    "codename": "delete_customer"
  }
},
{
  "model": "auth.permission",
  "pk": 245,
  "fields": {
    "name": "Can add event",
    "content_type": 82,
    "codename": "add_event"
  }
},
{
  "model": "auth.permission",
  "pk": 246,
  "fields": {
    "name": "Can change event",
    "content_type": 82,
    "codename": "change_event"
  }
},
{
  "model": "auth.permission",
  "pk": 247,
  "fields": {
    "name": "Can delete event",
    "content_type": 82,
    "codename": "delete_event"
  }
},
{
  "model": "auth.permission",
  "pk": 248,
  "fields": {
    "name": "Can add event processing exception",
    "content_type": 83,
    "codename": "add_eventprocessingexception"
  }
},
{
  "model": "auth.permission",
  "pk": 249,
  "fields": {
    "name": "Can change event processing exception",
    "content_type": 83,
    "codename": "change_eventprocessingexception"
  }
},
{
  "model": "auth.permission",
  "pk": 250,
  "fields": {
    "name": "Can delete event processing exception",
    "content_type": 83,
    "codename": "delete_eventprocessingexception"
  }
},
{
  "model": "auth.permission",
  "pk": 251,
  "fields": {
    "name": "Can add invoice",
    "content_type": 84,
    "codename": "add_invoice"
  }
},
{
  "model": "auth.permission",
  "pk": 252,
  "fields": {
    "name": "Can change invoice",
    "content_type": 84,
    "codename": "change_invoice"
  }
},
{
  "model": "auth.permission",
  "pk": 253,
  "fields": {
    "name": "Can delete invoice",
    "content_type": 84,
    "codename": "delete_invoice"
  }
},
{
  "model": "auth.permission",
  "pk": 254,
  "fields": {
    "name": "Can add invoice item",
    "content_type": 85,
    "codename": "add_invoiceitem"
  }
},
{
  "model": "auth.permission",
  "pk": 255,
  "fields": {
    "name": "Can change invoice item",
    "content_type": 85,
    "codename": "change_invoiceitem"
  }
},
{
  "model": "auth.permission",
  "pk": 256,
  "fields": {
    "name": "Can delete invoice item",
    "content_type": 85,
    "codename": "delete_invoiceitem"
  }
},
{
  "model": "auth.permission",
  "pk": 257,
  "fields": {
    "name": "Can add plan",
    "content_type": 86,
    "codename": "add_plan"
  }
},
{
  "model": "auth.permission",
  "pk": 258,
  "fields": {
    "name": "Can change plan",
    "content_type": 86,
    "codename": "change_plan"
  }
},
{
  "model": "auth.permission",
  "pk": 259,
  "fields": {
    "name": "Can delete plan",
    "content_type": 86,
    "codename": "delete_plan"
  }
},
{
  "model": "auth.permission",
  "pk": 260,
  "fields": {
    "name": "Can add subscription",
    "content_type": 87,
    "codename": "add_subscription"
  }
},
{
  "model": "auth.permission",
  "pk": 261,
  "fields": {
    "name": "Can change subscription",
    "content_type": 87,
    "codename": "change_subscription"
  }
},
{
  "model": "auth.permission",
  "pk": 262,
  "fields": {
    "name": "Can delete subscription",
    "content_type": 87,
    "codename": "delete_subscription"
  }
},
{
  "model": "auth.permission",
  "pk": 263,
  "fields": {
    "name": "Can add transfer",
    "content_type": 88,
    "codename": "add_transfer"
  }
},
{
  "model": "auth.permission",
  "pk": 264,
  "fields": {
    "name": "Can change transfer",
    "content_type": 88,
    "codename": "change_transfer"
  }
},
{
  "model": "auth.permission",
  "pk": 265,
  "fields": {
    "name": "Can delete transfer",
    "content_type": 88,
    "codename": "delete_transfer"
  }
},
{
  "model": "auth.permission",
  "pk": 266,
  "fields": {
    "name": "Can add transfer charge fee",
    "content_type": 89,
    "codename": "add_transferchargefee"
  }
},
{
  "model": "auth.permission",
  "pk": 267,
  "fields": {
    "name": "Can change transfer charge fee",
    "content_type": 89,
    "codename": "change_transferchargefee"
  }
},
{
  "model": "auth.permission",
  "pk": 268,
  "fields": {
    "name": "Can delete transfer charge fee",
    "content_type": 89,
    "codename": "delete_transferchargefee"
  }
},
{
  "model": "auth.permission",
  "pk": 269,
  "fields": {
    "name": "Can add stripe payment",
    "content_type": 90,
    "codename": "add_stripepayment"
  }
},
{
  "model": "auth.permission",
  "pk": 270,
  "fields": {
    "name": "Can change stripe payment",
    "content_type": 90,
    "codename": "change_stripepayment"
  }
},
{
  "model": "auth.permission",
  "pk": 271,
  "fields": {
    "name": "Can delete stripe payment",
    "content_type": 90,
    "codename": "delete_stripepayment"
  }
},
{
  "model": "auth.permission",
  "pk": 272,
  "fields": {
    "name": "Can add stripe credit note refund",
    "content_type": 91,
    "codename": "add_stripecreditnoterefund"
  }
},
{
  "model": "auth.permission",
  "pk": 273,
  "fields": {
    "name": "Can change stripe credit note refund",
    "content_type": 91,
    "codename": "change_stripecreditnoterefund"
  }
},
{
  "model": "auth.permission",
  "pk": 274,
  "fields": {
    "name": "Can delete stripe credit note refund",
    "content_type": 91,
    "codename": "delete_stripecreditnoterefund"
  }
},
{
  "model": "auth.permission",
  "pk": 275,
  "fields": {
    "name": "Can add boarding pass",
    "content_type": 92,
    "codename": "add_boardingpass"
  }
},
{
  "model": "auth.permission",
  "pk": 276,
  "fields": {
    "name": "Can change boarding pass",
    "content_type": 92,
    "codename": "change_boardingpass"
  }
},
{
  "model": "auth.permission",
  "pk": 277,
  "fields": {
    "name": "Can delete boarding pass",
    "content_type": 92,
    "codename": "delete_boardingpass"
  }
},
{
  "model": "auth.permission",
  "pk": 278,
  "fields": {
    "name": "Can view sent boarding passes",
    "content_type": 92,
    "codename": "view_boarding_pass"
  }
},
{
  "model": "auth.permission",
  "pk": 279,
  "fields": {
    "name": "Can send boarding passes",
    "content_type": 92,
    "codename": "send_boarding_pass"
  }
},
{
  "model": "auth.permission",
  "pk": 280,
  "fields": {
    "name": "Can add Boarding Pass template",
    "content_type": 93,
    "codename": "add_boardingpasstemplate"
  }
},
{
  "model": "auth.permission",
  "pk": 281,
  "fields": {
    "name": "Can change Boarding Pass template",
    "content_type": 93,
    "codename": "change_boardingpasstemplate"
  }
},
{
  "model": "auth.permission",
  "pk": 282,
  "fields": {
    "name": "Can delete Boarding Pass template",
    "content_type": 93,
    "codename": "delete_boardingpasstemplate"
  }
},
{
  "model": "auth.permission",
  "pk": 283,
  "fields": {
    "name": "Can add check in",
    "content_type": 94,
    "codename": "add_checkin"
  }
},
{
  "model": "auth.permission",
  "pk": 284,
  "fields": {
    "name": "Can change check in",
    "content_type": 94,
    "codename": "change_checkin"
  }
},
{
  "model": "auth.permission",
  "pk": 285,
  "fields": {
    "name": "Can delete check in",
    "content_type": 94,
    "codename": "delete_checkin"
  }
},
{
  "model": "auth.permission",
  "pk": 286,
  "fields": {
    "name": "Can view the details of other user's checkins",
    "content_type": 94,
    "codename": "view_checkin_details"
  }
},
{
  "model": "auth.permission",
  "pk": 287,
  "fields": {
    "name": "Can add miniconf proposal",
    "content_type": 95,
    "codename": "add_miniconfproposal"
  }
},
{
  "model": "auth.permission",
  "pk": 288,
  "fields": {
    "name": "Can change miniconf proposal",
    "content_type": 95,
    "codename": "change_miniconfproposal"
  }
},
{
  "model": "auth.permission",
  "pk": 289,
  "fields": {
    "name": "Can delete miniconf proposal",
    "content_type": 95,
    "codename": "delete_miniconfproposal"
  }
},
{
  "model": "auth.permission",
  "pk": 290,
  "fields": {
    "name": "Can add talk proposal",
    "content_type": 96,
    "codename": "add_talkproposal"
  }
},
{
  "model": "auth.permission",
  "pk": 291,
  "fields": {
    "name": "Can change talk proposal",
    "content_type": 96,
    "codename": "change_talkproposal"
  }
},
{
  "model": "auth.permission",
  "pk": 292,
  "fields": {
    "name": "Can delete talk proposal",
    "content_type": 96,
    "codename": "delete_talkproposal"
  }
},
{
  "model": "auth.permission",
  "pk": 293,
  "fields": {
    "name": "Can add tutorial proposal",
    "content_type": 97,
    "codename": "add_tutorialproposal"
  }
},
{
  "model": "auth.permission",
  "pk": 294,
  "fields": {
    "name": "Can change tutorial proposal",
    "content_type": 97,
    "codename": "change_tutorialproposal"
  }
},
{
  "model": "auth.permission",
  "pk": 295,
  "fields": {
    "name": "Can delete tutorial proposal",
    "content_type": 97,
    "codename": "delete_tutorialproposal"
  }
},
{
  "model": "auth.permission",
  "pk": 296,
  "fields": {
    "name": "Can add Games and FOSS Miniconf Proposal",
    "content_type": 98,
    "codename": "add_gamesproposal"
  }
},
{
  "model": "auth.permission",
  "pk": 297,
  "fields": {
    "name": "Can change Games and FOSS Miniconf Proposal",
    "content_type": 98,
    "codename": "change_gamesproposal"
  }
},
{
  "model": "auth.permission",
  "pk": 298,
  "fields": {
    "name": "Can delete Games and FOSS Miniconf Proposal",
    "content_type": 98,
    "codename": "delete_gamesproposal"
  }
},
{
  "model": "auth.permission",
  "pk": 299,
  "fields": {
    "name": "Can add Kernel Miniconf Proposal",
    "content_type": 99,
    "codename": "add_kernelproposal"
  }
},
{
  "model": "auth.permission",
  "pk": 300,
  "fields": {
    "name": "Can change Kernel Miniconf Proposal",
    "content_type": 99,
    "codename": "change_kernelproposal"
  }
},
{
  "model": "auth.permission",
  "pk": 301,
  "fields": {
    "name": "Can delete Kernel Miniconf Proposal",
    "content_type": 99,
    "codename": "delete_kernelproposal"
  }
},
{
  "model": "auth.permission",
  "pk": 302,
  "fields": {
    "name": "Can add Open Hardware Miniconf Proposal",
    "content_type": 100,
    "codename": "add_openhardwareproposal"
  }
},
{
  "model": "auth.permission",
  "pk": 303,
  "fields": {
    "name": "Can change Open Hardware Miniconf Proposal",
    "content_type": 100,
    "codename": "change_openhardwareproposal"
  }
},
{
  "model": "auth.permission",
  "pk": 304,
  "fields": {
    "name": "Can delete Open Hardware Miniconf Proposal",
    "content_type": 100,
    "codename": "delete_openhardwareproposal"
  }
},
{
  "model": "auth.permission",
  "pk": 305,
  "fields": {
    "name": "Can add System Administration Miniconf Proposal",
    "content_type": 101,
    "codename": "add_sysadminproposal"
  }
},
{
  "model": "auth.permission",
  "pk": 306,
  "fields": {
    "name": "Can change System Administration Miniconf Proposal",
    "content_type": 101,
    "codename": "change_sysadminproposal"
  }
},
{
  "model": "auth.permission",
  "pk": 307,
  "fields": {
    "name": "Can delete System Administration Miniconf Proposal",
    "content_type": 101,
    "codename": "delete_sysadminproposal"
  }
},
{
  "model": "auth.permission",
  "pk": 308,
  "fields": {
    "name": "Can add Art+Tech Miniconf Proposal",
    "content_type": 102,
    "codename": "add_arttechproposal"
  }
},
{
  "model": "auth.permission",
  "pk": 309,
  "fields": {
    "name": "Can change Art+Tech Miniconf Proposal",
    "content_type": 102,
    "codename": "change_arttechproposal"
  }
},
{
  "model": "auth.permission",
  "pk": 310,
  "fields": {
    "name": "Can delete Art+Tech Miniconf Proposal",
    "content_type": 102,
    "codename": "delete_arttechproposal"
  }
},
{
  "model": "auth.permission",
  "pk": 311,
  "fields": {
    "name": "Can add Open Source and BioInformatics Miniconf",
    "content_type": 103,
    "codename": "add_bioinformaticsproposal"
  }
},
{
  "model": "auth.permission",
  "pk": 312,
  "fields": {
    "name": "Can change Open Source and BioInformatics Miniconf",
    "content_type": 103,
    "codename": "change_bioinformaticsproposal"
  }
},
{
  "model": "auth.permission",
  "pk": 313,
  "fields": {
    "name": "Can delete Open Source and BioInformatics Miniconf",
    "content_type": 103,
    "codename": "delete_bioinformaticsproposal"
  }
},
{
  "model": "auth.permission",
  "pk": 314,
  "fields": {
    "name": "Can add CLSxLCA Miniconf Proposal",
    "content_type": 104,
    "codename": "add_clsxlcaproposal"
  }
},
{
  "model": "auth.permission",
  "pk": 315,
  "fields": {
    "name": "Can change CLSxLCA Miniconf Proposal",
    "content_type": 104,
    "codename": "change_clsxlcaproposal"
  }
},
{
  "model": "auth.permission",
  "pk": 316,
  "fields": {
    "name": "Can delete CLSxLCA Miniconf Proposal",
    "content_type": 104,
    "codename": "delete_clsxlcaproposal"
  }
},
{
  "model": "auth.permission",
  "pk": 317,
  "fields": {
    "name": "Can add Developers Developers Miniconf Proposal",
    "content_type": 105,
    "codename": "add_devdevproposal"
  }
},
{
  "model": "auth.permission",
  "pk": 318,
  "fields": {
    "name": "Can change Developers Developers Miniconf Proposal",
    "content_type": 105,
    "codename": "change_devdevproposal"
  }
},
{
  "model": "auth.permission",
  "pk": 319,
  "fields": {
    "name": "Can delete Developers Developers Miniconf Proposal",
    "content_type": 105,
    "codename": "delete_devdevproposal"
  }
},
{
  "model": "auth.permission",
  "pk": 320,
  "fields": {
    "name": "Can add FPGA Miniconf Proposal",
    "content_type": 106,
    "codename": "add_fpgaproposal"
  }
},
{
  "model": "auth.permission",
  "pk": 321,
  "fields": {
    "name": "Can change FPGA Miniconf Proposal",
    "content_type": 106,
    "codename": "change_fpgaproposal"
  }
},
{
  "model": "auth.permission",
  "pk": 322,
  "fields": {
    "name": "Can delete FPGA Miniconf Proposal",
    "content_type": 106,
    "codename": "delete_fpgaproposal"
  }
},
{
  "model": "auth.permission",
  "pk": 323,
  "fields": {
    "name": "Can add Real World Functional Programming Miniconf Proposal",
    "content_type": 107,
    "codename": "add_funcprogproposal"
  }
},
{
  "model": "auth.permission",
  "pk": 324,
  "fields": {
    "name": "Can change Real World Functional Programming Miniconf Proposal",
    "content_type": 107,
    "codename": "change_funcprogproposal"
  }
},
{
  "model": "auth.permission",
  "pk": 325,
  "fields": {
    "name": "Can delete Real World Functional Programming Miniconf Proposal",
    "content_type": 107,
    "codename": "delete_funcprogproposal"
  }
},
{
  "model": "auth.permission",
  "pk": 326,
  "fields": {
    "name": "Can add Open Education Miniconf Proposal",
    "content_type": 108,
    "codename": "add_openedproposal"
  }
},
{
  "model": "auth.permission",
  "pk": 327,
  "fields": {
    "name": "Can change Open Education Miniconf Proposal",
    "content_type": 108,
    "codename": "change_openedproposal"
  }
},
{
  "model": "auth.permission",
  "pk": 328,
  "fields": {
    "name": "Can delete Open Education Miniconf Proposal",
    "content_type": 108,
    "codename": "delete_openedproposal"
  }
},
{
  "model": "auth.permission",
  "pk": 329,
  "fields": {
    "name": "Can add OpenGLAM Miniconf Proposal",
    "content_type": 109,
    "codename": "add_openglamproposal"
  }
},
{
  "model": "auth.permission",
  "pk": 330,
  "fields": {
    "name": "Can change OpenGLAM Miniconf Proposal",
    "content_type": 109,
    "codename": "change_openglamproposal"
  }
},
{
  "model": "auth.permission",
  "pk": 331,
  "fields": {
    "name": "Can delete OpenGLAM Miniconf Proposal",
    "content_type": 109,
    "codename": "delete_openglamproposal"
  }
},
{
  "model": "auth.permission",
  "pk": 332,
  "fields": {
    "name": "Can add attendee profile",
    "content_type": 110,
    "codename": "add_attendeeprofile"
  }
},
{
  "model": "auth.permission",
  "pk": 333,
  "fields": {
    "name": "Can change attendee profile",
    "content_type": 110,
    "codename": "change_attendeeprofile"
  }
},
{
  "model": "auth.permission",
  "pk": 334,
  "fields": {
    "name": "Can delete attendee profile",
    "content_type": 110,
    "codename": "delete_attendeeprofile"
  }
},
{
  "model": "auth.permission",
  "pk": 335,
  "fields": {
    "name": "Can add past event",
    "content_type": 111,
    "codename": "add_pastevent"
  }
},
{
  "model": "auth.permission",
  "pk": 336,
  "fields": {
    "name": "Can change past event",
    "content_type": 111,
    "codename": "change_pastevent"
  }
},
{
  "model": "auth.permission",
  "pk": 337,
  "fields": {
    "name": "Can delete past event",
    "content_type": 111,
    "codename": "delete_pastevent"
  }
},
{
  "model": "auth.permission",
  "pk": 338,
  "fields": {
    "name": "Can add Flag",
    "content_type": 112,
    "codename": "add_flag"
  }
},
{
  "model": "auth.permission",
  "pk": 339,
  "fields": {
    "name": "Can change Flag",
    "content_type": 112,
    "codename": "change_flag"
  }
},
{
  "model": "auth.permission",
  "pk": 340,
  "fields": {
    "name": "Can delete Flag",
    "content_type": 112,
    "codename": "delete_flag"
  }
},
{
  "model": "auth.permission",
  "pk": 341,
  "fields": {
    "name": "Can add Sample",
    "content_type": 113,
    "codename": "add_sample"
  }
},
{
  "model": "auth.permission",
  "pk": 342,
  "fields": {
    "name": "Can change Sample",
    "content_type": 113,
    "codename": "change_sample"
  }
},
{
  "model": "auth.permission",
  "pk": 343,
  "fields": {
    "name": "Can delete Sample",
    "content_type": 113,
    "codename": "delete_sample"
  }
},
{
  "model": "auth.permission",
  "pk": 344,
  "fields": {
    "name": "Can add Switch",
    "content_type": 114,
    "codename": "add_switch"
  }
},
{
  "model": "auth.permission",
  "pk": 345,
  "fields": {
    "name": "Can change Switch",
    "content_type": 114,
    "codename": "change_switch"
  }
},
{
  "model": "auth.permission",
  "pk": 346,
  "fields": {
    "name": "Can delete Switch",
    "content_type": 114,
    "codename": "delete_switch"
  }
},
{
  "model": "auth.permission",
  "pk": 347,
  "fields": {
    "name": "Can review Main Conference",
    "content_type": 115,
    "codename": "can_review_main"
  }
},
{
  "model": "auth.permission",
  "pk": 348,
  "fields": {
    "name": "Can manage Main Conference",
    "content_type": 115,
    "codename": "can_manage_main"
  }
},
{
  "model": "auth.permission",
  "pk": 349,
  "fields": {
    "name": "Can review MiniConf",
    "content_type": 115,
    "codename": "can_review_miniconf"
  }
},
{
  "model": "auth.permission",
  "pk": 350,
  "fields": {
    "name": "Can manage MiniConf",
    "content_type": 115,
    "codename": "can_manage_miniconf"
  }
},
{
  "model": "auth.user",
  "pk": 1,
  "fields": {
    "password": "pbkdf2_sha256$36000$kryciNrtxeZe$xdkTw8AS55Xo+Q6zKkPCmkaTV5ROdnuQfhprtuv4Lx8=",
    "last_login": "2018-06-29T22:39:28.112Z",
    "is_superuser": true,
    "username": "admin1",
    "first_name": "",
    "last_name": "",
    "email": "root@example.com",
    "is_staff": true,
    "is_active": true,
    "date_joined": "2018-06-29T22:35:28.566Z",
    "groups": [],
    "user_permissions": []
  }
},
{
  "model": "auth.user",
  "pk": 9000,
  "fields": {
    "password": "pbkdf2_sha256$36000$9EwpJEV9yASD$SZquWdAt+g8k+lseqiVkO304hXKBgtL6uwuPhkF+Wn4=",
    "last_login": null,
    "is_superuser": false,
    "username": "cfp_reviewer",
    "first_name": "",
    "last_name": "",
    "email": "",
    "is_staff": false,
    "is_active": true,
    "date_joined": "2018-06-27T06:31:21.863Z",
    "groups": [],
    "user_permissions": []
  }
},
{
  "model": "auth.user",
  "pk": 9001,
  "fields": {
    "password": "pbkdf2_sha256$36000$XZeHERCW7hl3$eIcr49yuebUb5o5JSwB1AHQc1Tdz+bqw8Tcmy7PxFkA=",
    "last_login": null,
    "is_superuser": false,
    "username": "cfp_speaker",
    "first_name": "cfp",
    "last_name": "speaker",
    "email": "speaker@lca2019.org",
    "is_staff": false,
    "is_active": true,
    "date_joined": "2018-06-27T06:31:21.863Z",
    "groups": [],
    "user_permissions": []
  }
},
{
  "model": "sitetree.treeitem",
  "pk": 1,
  "fields": {
    "title": "LINUX.CONF.AU 2019",
    "hint": "",
    "url": "/index.html",
    "urlaspattern": false,
    "tree": 1,
    "hidden": false,
    "alias": null,
    "description": "",
    "inmenu": true,
    "inbreadcrumbs": true,
    "insitetree": true,
    "access_loggedin": false,
    "access_guest": false,
    "access_restricted": false,
    "access_perm_type": 1,
    "parent": null,
    "sort_order": 2,
    "access_permissions": []
  }
},
{
  "model": "sitetree.treeitem",
  "pk": 2,
  "fields": {
    "title": "Dashboard",
    "hint": "",
    "url": "dashboard",
    "urlaspattern": true,
    "tree": 1,
    "hidden": false,
    "alias": null,
    "description": "",
    "inmenu": true,
    "inbreadcrumbs": true,
    "insitetree": true,
    "access_loggedin": false,
    "access_guest": false,
    "access_restricted": false,
    "access_perm_type": 1,
    "parent": 23,
    "sort_order": 10,
    "access_permissions": []
  }
},
{
  "model": "sitetree.treeitem",
  "pk": 3,
  "fields": {
    "title": "django admin",
    "hint": "",
    "url": "/admin",
    "urlaspattern": false,
    "tree": 1,
    "hidden": false,
    "alias": null,
    "description": "",
    "inmenu": true,
    "inbreadcrumbs": true,
    "insitetree": true,
    "access_loggedin": false,
    "access_guest": false,
    "access_restricted": true,
    "access_perm_type": 1,
    "parent": 9,
    "sort_order": 3,
    "access_permissions": [
      52
    ]
  }
},
{
  "model": "sitetree.treeitem",
  "pk": 4,
  "fields": {
    "title": "Ticket Reports",
    "hint": "",
    "url": "/tickets/reports/",
    "urlaspattern": false,
    "tree": 1,
    "hidden": true,
    "alias": null,
    "description": "",
    "inmenu": true,
    "inbreadcrumbs": true,
    "insitetree": true,
    "access_loggedin": false,
    "access_guest": false,
    "access_restricted": true,
    "access_perm_type": 1,
    "parent": 9,
    "sort_order": 4,
    "access_permissions": [
      52
    ]
  }
},
{
  "model": "sitetree.treeitem",
  "pk": 9,
  "fields": {
    "title": "Admin",
    "hint": "",
    "url": "#",
    "urlaspattern": false,
    "tree": 1,
    "hidden": false,
    "alias": null,
    "description": "",
    "inmenu": true,
    "inbreadcrumbs": true,
    "insitetree": true,
    "access_loggedin": false,
    "access_guest": false,
    "access_restricted": true,
    "access_perm_type": 1,
    "parent": null,
    "sort_order": 35,
    "access_permissions": [
      52,
      20
    ]
  }
},
{
  "model": "sitetree.treeitem",
  "pk": 19,
  "fields": {
    "title": "Schedule Edit",
    "hint": "",
    "url": "/schedule/edit",
    "urlaspattern": false,
    "tree": 1,
    "hidden": true,
    "alias": null,
    "description": "",
    "inmenu": true,
    "inbreadcrumbs": true,
    "insitetree": true,
    "access_loggedin": false,
    "access_guest": false,
    "access_restricted": true,
    "access_perm_type": 1,
    "parent": 9,
    "sort_order": 19,
    "access_permissions": [
      106,
      107,
      108
    ]
  }
},
{
  "model": "sitetree.treeitem",
  "pk": 20,
  "fields": {
    "title": "Home",
    "hint": "",
    "url": "/",
    "urlaspattern": false,
    "tree": 1,
    "hidden": false,
    "alias": null,
    "description": "",
    "inmenu": true,
    "inbreadcrumbs": true,
    "insitetree": true,
    "access_loggedin": false,
    "access_guest": false,
    "access_restricted": false,
    "access_perm_type": 1,
    "parent": null,
    "sort_order": 3,
    "access_permissions": []
  }
},
{
  "model": "sitetree.treeitem",
  "pk": 21,
  "fields": {
    "title": "About",
    "hint": "",
    "url": "/about",
    "urlaspattern": false,
    "tree": 1,
    "hidden": true,
    "alias": null,
    "description": "",
    "inmenu": true,
    "inbreadcrumbs": true,
    "insitetree": true,
    "access_loggedin": false,
    "access_guest": false,
    "access_restricted": false,
    "access_perm_type": 1,
    "parent": null,
    "sort_order": 9,
    "access_permissions": []
  }
},
{
  "model": "sitetree.treeitem",
  "pk": 22,
  "fields": {
    "title": "News",
    "hint": "",
    "url": "/news",
    "urlaspattern": false,
    "tree": 1,
    "hidden": true,
    "alias": null,
    "description": "",
    "inmenu": true,
    "inbreadcrumbs": true,
    "insitetree": true,
    "access_loggedin": false,
    "access_guest": false,
    "access_restricted": false,
    "access_perm_type": 1,
    "parent": null,
    "sort_order": 21,
    "access_permissions": []
  }
},
{
  "model": "sitetree.treeitem",
  "pk": 23,
  "fields": {
    "title": "Submissions",
    "hint": "",
    "url": "#",
    "urlaspattern": false,
    "tree": 1,
    "hidden": false,
    "alias": null,
    "description": "",
    "inmenu": true,
    "inbreadcrumbs": true,
    "insitetree": true,
    "access_loggedin": false,
    "access_guest": false,
    "access_restricted": false,
    "access_perm_type": 1,
    "parent": null,
    "sort_order": 22,
    "access_permissions": []
  }
},
{
  "model": "sitetree.treeitem",
  "pk": 24,
  "fields": {
    "title": "Tickets and Prices",
    "hint": "",
    "url": "/attend",
    "urlaspattern": false,
    "tree": 1,
    "hidden": true,
    "alias": null,
    "description": "",
    "inmenu": true,
    "inbreadcrumbs": true,
    "insitetree": true,
    "access_loggedin": false,
    "access_guest": false,
    "access_restricted": false,
    "access_perm_type": 1,
    "parent": 23,
    "sort_order": 24,
    "access_permissions": []
  }
},
{
  "model": "sitetree.treeitem",
  "pk": 25,
  "fields": {
    "title": "Accommodation",
    "hint": "",
    "url": "/attend/accommodation",
    "urlaspattern": false,
    "tree": 1,
    "hidden": true,
    "alias": null,
    "description": "",
    "inmenu": true,
    "inbreadcrumbs": true,
    "insitetree": true,
    "access_loggedin": false,
    "access_guest": false,
    "access_restricted": false,
    "access_perm_type": 1,
    "parent": 23,
    "sort_order": 25,
    "access_permissions": []
  }
},
{
  "model": "sitetree.treeitem",
  "pk": 26,
  "fields": {
    "title": "Business Case",
    "hint": "",
    "url": "/attend/business-case",
    "urlaspattern": false,
    "tree": 1,
    "hidden": true,
    "alias": null,
    "description": "",
    "inmenu": true,
    "inbreadcrumbs": true,
    "insitetree": true,
    "access_loggedin": false,
    "access_guest": false,
    "access_restricted": false,
    "access_perm_type": 1,
    "parent": 23,
    "sort_order": 26,
    "access_permissions": []
  }
},
{
  "model": "sitetree.treeitem",
  "pk": 27,
  "fields": {
    "title": "Shirts",
    "hint": "",
    "url": "/attend/shirts",
    "urlaspattern": false,
    "tree": 1,
    "hidden": true,
    "alias": null,
    "description": "",
    "inmenu": true,
    "inbreadcrumbs": true,
    "insitetree": true,
    "access_loggedin": false,
    "access_guest": false,
    "access_restricted": false,
    "access_perm_type": 1,
    "parent": 23,
    "sort_order": 27,
    "access_permissions": []
  }
},
{
  "model": "sitetree.treeitem",
  "pk": 28,
  "fields": {
    "title": "Code of Conduct",
    "hint": "",
    "url": "/attend/code-of-conduct/",
    "urlaspattern": false,
    "tree": 1,
    "hidden": false,
    "alias": null,
    "description": "",
    "inmenu": true,
    "inbreadcrumbs": true,
    "insitetree": true,
    "access_loggedin": false,
    "access_guest": false,
    "access_restricted": false,
    "access_perm_type": 1,
    "parent": 23,
    "sort_order": 28,
    "access_permissions": []
  }
},
{
  "model": "sitetree.treeitem",
  "pk": 29,
  "fields": {
    "title": "Terms and Conditions",
    "hint": "",
    "url": "/attend/terms-and-conditions/",
    "urlaspattern": false,
    "tree": 1,
    "hidden": false,
    "alias": null,
    "description": "",
    "inmenu": true,
    "inbreadcrumbs": true,
    "insitetree": true,
    "access_loggedin": false,
    "access_guest": false,
    "access_restricted": false,
    "access_perm_type": 1,
    "parent": 23,
    "sort_order": 29,
    "access_permissions": []
  }
},
{
  "model": "sitetree.treeitem",
  "pk": 30,
  "fields": {
    "title": "Volunteer",
    "hint": "",
    "url": "/attend/volunteer",
    "urlaspattern": false,
    "tree": 1,
    "hidden": true,
    "alias": null,
    "description": "",
    "inmenu": true,
    "inbreadcrumbs": true,
    "insitetree": true,
    "access_loggedin": false,
    "access_guest": false,
    "access_restricted": false,
    "access_perm_type": 1,
    "parent": 23,
    "sort_order": 30,
    "access_permissions": []
  }
},
{
  "model": "sitetree.treeitem",
  "pk": 31,
  "fields": {
    "title": "Programme",
    "hint": "",
    "url": "#",
    "urlaspattern": false,
    "tree": 1,
    "hidden": true,
    "alias": null,
    "description": "",
    "inmenu": true,
    "inbreadcrumbs": true,
    "insitetree": true,
    "access_loggedin": false,
    "access_guest": false,
    "access_restricted": false,
    "access_perm_type": 1,
    "parent": null,
    "sort_order": 23,
    "access_permissions": []
  }
},
{
  "model": "sitetree.treeitem",
  "pk": 32,
  "fields": {
    "title": "Overview",
    "hint": "",
    "url": "/programme",
    "urlaspattern": false,
    "tree": 1,
    "hidden": true,
    "alias": null,
    "description": "",
    "inmenu": true,
    "inbreadcrumbs": true,
    "insitetree": true,
    "access_loggedin": false,
    "access_guest": false,
    "access_restricted": false,
    "access_perm_type": 1,
    "parent": 31,
    "sort_order": 32,
    "access_permissions": []
  }
},
{
  "model": "sitetree.treeitem",
  "pk": 33,
  "fields": {
    "title": "Miniconfs",
    "hint": "",
    "url": "/programme/miniconfs.html",
    "urlaspattern": false,
    "tree": 1,
    "hidden": true,
    "alias": null,
    "description": "",
    "inmenu": true,
    "inbreadcrumbs": true,
    "insitetree": true,
    "access_loggedin": false,
    "access_guest": false,
    "access_restricted": false,
    "access_perm_type": 1,
    "parent": 31,
    "sort_order": 33,
    "access_permissions": []
  }
},
{
  "model": "sitetree.treeitem",
  "pk": 34,
  "fields": {
    "title": "Proposals",
    "hint": "",
    "url": "/proposals/",
    "urlaspattern": false,
    "tree": 1,
    "hidden": true,
    "alias": null,
    "description": "",
    "inmenu": true,
    "inbreadcrumbs": true,
    "insitetree": true,
    "access_loggedin": false,
    "access_guest": false,
    "access_restricted": false,
    "access_perm_type": 1,
    "parent": 31,
    "sort_order": 34,
    "access_permissions": []
  }
},
{
  "model": "sitetree.treeitem",
  "pk": 35,
  "fields": {
    "title": "Sponsors",
    "hint": "",
    "url": "/sponsors/",
    "urlaspattern": false,
    "tree": 1,
    "hidden": false,
    "alias": null,
    "description": "",
    "inmenu": true,
    "inbreadcrumbs": true,
    "insitetree": true,
    "access_loggedin": false,
    "access_guest": false,
    "access_restricted": false,
    "access_perm_type": 1,
    "parent": null,
    "sort_order": 31,
    "access_permissions": []
  }
},
{
  "model": "symposion_speakers.speaker",
  "pk": 1,
  "fields": {
    "user": 9001,
    "name": "A Speaker of Things",
    "biography": "An interesting admin",
    "biography_html": "",
    "experience": "Lots and lots",
    "experience_html": "",
    "photo": "",
    "telephone": "NONE",
    "homepage": "",
    "twitter_username": "",
    "accessibility": "",
    "accessibility_html": "",
    "travel_assistance": false,
    "accommodation_assistance": false,
    "agreement": false,
    "annotation": "annotation",
    "invite_email": "admin1@example.com",
    "invite_token": "token",
    "created": "2018-06-27T07:55:35.175Z"
  }
},
{
  "model": "symposion_speakers.speaker",
  "pk": 2,
  "fields": {
    "user": 1,
    "name": "My speaker",
    "biography": "Hello World",
    "biography_html": "Hello World",
    "experience": "123",
    "experience_html": "123",
    "photo": "",
    "telephone": "NONE",
    "homepage": "",
    "twitter_username": "",
    "accessibility": "",
    "accessibility_html": "",
    "travel_assistance": false,
    "accommodation_assistance": false,
    "agreement": true,
    "annotation": "",
    "invite_email": null,
    "invite_token": "",
    "created": "2018-06-29T22:39:45.344Z"
  }
},
{
  "model": "teams.team",
  "pk": 1,
  "fields": {
    "slug": "cfp-review",
    "name": "cfp review",
    "description": "",
    "access": "open",
    "created": "2018-06-27T06:41:16.800Z",
    "permissions": [
      347,
      349
    ],
    "manager_permissions": [
      348,
      350,
      347,
      349
    ]
  }
},
{
  "model": "teams.membership",
  "pk": 1,
  "fields": {
    "user": 9000,
    "team": 1,
    "state": "member",
    "message": ""
  }
}
]
